Lon,Lat,LCC_elev_AD1900_C,LCC_elev_AD1900_B,LCC_elev_AD1900_U,NLC_elev_AD1900_C,NLC_elev_AD1900_B,NLC_elev_AD1900_O,HLU_elev_AD1900
-10.0000000000,52.0000000000,0.0306939952,0.1090627766,0.8602432282,0.1382847713,0.4913573823,0.3703578464,0.7780377775
-10.0000000000,53.0000000000,0.0277528076,0.1034928699,0.8687543225,0.1295175413,0.4829832803,0.3874991784,0.7857216304
-10.0000000000,54.0000000000,0.0314491898,0.1163129949,0.8522378153,0.1189209522,0.4398222087,0.4412568391,0.7355454259
-10.0000000000,55.0000000000,0.0380010108,0.1346454363,0.8273535529,0.1062918987,0.3766141687,0.5170939326,0.6424844111
-9.0000000000,52.0000000000,0.0265129196,0.0959805519,0.8775065286,0.1369126451,0.4956433112,0.3674440437,0.8063515643
-9.0000000000,53.0000000000,0.0194459212,0.0785866808,0.9019673980,0.1246670282,0.5038160880,0.3715168838,0.8440171272
-9.0000000000,54.0000000000,0.0220623623,0.0883408841,0.8895967536,0.1159775139,0.4643907103,0.4196317757,0.8097703462
-9.0000000000,55.0000000000,0.0358920442,0.1296038962,0.8345040596,0.1047370963,0.3781990147,0.5170638890,0.6573129725
-8.0000000000,53.0000000000,0.0198094613,0.0789224213,0.9012681173,0.1224449507,0.4878301240,0.3897249253,0.8382174092
-8.0000000000,54.0000000000,0.0225113854,0.0878266113,0.8896620034,0.1159818264,0.4524950652,0.4315231084,0.8059059247
-8.0000000000,55.0000000000,0.0377006949,0.1347302985,0.8275690067,0.1023032463,0.3655992800,0.5320974737,0.6314809524
-8.0000000000,56.0000000000,0.0449589728,0.1477019809,0.8073390463,0.0885784167,0.2910032594,0.6204183239,0.4924387402
-7.0000000000,53.0000000000,0.0285668798,0.1038871929,0.8675459273,0.1208510105,0.4394904990,0.4396584905,0.7636190244
-7.0000000000,54.0000000000,0.0320108984,0.1151492686,0.8528398331,0.1126646917,0.4052762496,0.4820590587,0.7158746197
-7.0000000000,55.0000000000,0.0435427857,0.1495718795,0.8068853348,0.0988709476,0.3396271790,0.5615018734,0.5595997943
-7.0000000000,56.0000000000,0.0511741455,0.1580832362,0.7907426184,0.0863407895,0.2667173295,0.6469418810,0.4073004688
-7.0000000000,58.0000000000,0.0438869184,0.1201052942,0.8360077874,0.0597756137,0.1635878740,0.7766365123,0.2658056413
-7.0000000000,59.0000000000,0.0385506841,0.1074677618,0.8539815541,0.0531500407,0.1481663959,0.7986835634,0.2746819467
-6.0000000000,51.0000000000,0.0531385727,0.1579833862,0.7888780411,0.1317465001,0.3916883188,0.4765651811,0.5966604604
-6.0000000000,55.0000000000,0.0501579981,0.1572971130,0.7925448889,0.0941329315,0.2952039340,0.6106631344,0.4671578023
-6.0000000000,56.0000000000,0.0575878182,0.1565956815,0.7858165003,0.0868898645,0.2362752747,0.6768348608,0.3372320411
-6.0000000000,57.0000000000,0.0562332526,0.1399501363,0.8038166112,0.0760989499,0.1893907595,0.7345102906,0.2610508736
-6.0000000000,58.0000000000,0.0480724815,0.1241384514,0.8277890671,0.0625567569,0.1615414616,0.7759017815,0.2315381439
-6.0000000000,59.0000000000,0.0418825731,0.1144033112,0.8437141157,0.0562238608,0.1535769023,0.7901992369,0.2550747576
-5.0000000000,49.0000000000,0.0547479226,0.1583154651,0.7869366124,0.1431487435,0.4139455681,0.4429056884,0.6175452106
-5.0000000000,51.0000000000,0.0562465929,0.1603228130,0.7834305941,0.1284570472,0.3661483136,0.5053946392,0.5621369619
-5.0000000000,52.0000000000,0.0557310340,0.1596731120,0.7845958540,0.1193422825,0.3419235619,0.5387341556,0.5330151830
-5.0000000000,53.0000000000,0.0550611563,0.1603505775,0.7845882662,0.1082894908,0.3153635620,0.5763469472,0.4915373975
-5.0000000000,54.0000000000,0.0529463762,0.1567994562,0.7902541676,0.0986097690,0.2920305274,0.6093597036,0.4630716945
-5.0000000000,55.0000000000,0.0540255600,0.1531155107,0.7928589294,0.0926400344,0.2625539873,0.6448059783,0.4168227561
-5.0000000000,56.0000000000,0.0572583321,0.1460325498,0.7967091181,0.0890364532,0.2270799692,0.6838835776,0.3569113545
-5.0000000000,57.0000000000,0.0586675193,0.1383837389,0.8029487418,0.0795073445,0.1875402905,0.7329523650,0.2621119518
-5.0000000000,58.0000000000,0.0516052383,0.1282878945,0.8201068672,0.0669354380,0.1663979606,0.7666666014,0.2290296465
-5.0000000000,59.0000000000,0.0442518421,0.1174229419,0.8383252160,0.0584354304,0.1550593110,0.7865052586,0.2427224061
-4.0000000000,48.0000000000,0.0536246382,0.1521216604,0.7942537014,0.1519334244,0.4310027175,0.4170638581,0.6470517372
-4.0000000000,49.0000000000,0.0440810655,0.1354328862,0.8204860483,0.1408524807,0.4327494760,0.4263980434,0.6870409008
-4.0000000000,51.0000000000,0.0564964831,0.1542305046,0.7892730123,0.1310326487,0.3577077799,0.5112595714,0.5688365944
-4.0000000000,52.0000000000,0.0600763909,0.1544925848,0.7854310243,0.1246800001,0.3206273748,0.5546926250,0.5181553512
-4.0000000000,53.0000000000,0.0568029713,0.1566135347,0.7865834940,0.1051869959,0.2900148861,0.6047981179,0.4599810485
-4.0000000000,54.0000000000,0.0527457241,0.1494748895,0.7977793864,0.0936934479,0.2655156987,0.6407908534,0.4370393529
-4.0000000000,55.0000000000,0.0546147003,0.1446344923,0.8007508073,0.0901917156,0.2388520476,0.6709562368,0.3944599019
-4.0000000000,56.0000000000,0.0521707808,0.1369617335,0.8108674858,0.0852955871,0.2239228799,0.6907815330,0.3883531082
-4.0000000000,57.0000000000,0.0508526046,0.1322475066,0.8168998888,0.0778848725,0.2025477411,0.7195673865,0.3470798248
-4.0000000000,58.0000000000,0.0469113118,0.1286009483,0.8244877399,0.0670133329,0.1837078911,0.7492787760,0.2999704722
-4.0000000000,59.0000000000,0.0433149391,0.1187202953,0.8379647656,0.0606189622,0.1661482446,0.7732327932,0.2854556145
-3.0000000000,48.0000000000,0.0414564595,0.1268085339,0.8317350067,0.1488024398,0.4551623432,0.3960352169,0.7213993298
-3.0000000000,49.0000000000,0.0339214639,0.1113980270,0.8546805092,0.1397210259,0.4588436001,0.4014353740,0.7572200485
-3.0000000000,51.0000000000,0.0497168278,0.1440713019,0.8062118703,0.1306165234,0.3785054962,0.4908779804,0.6193680057
-3.0000000000,52.0000000000,0.0458816510,0.1345431684,0.8195751806,0.1187770649,0.3483013860,0.5329215491,0.6137162417
-3.0000000000,53.0000000000,0.0464851719,0.1350891028,0.8184257253,0.1053106004,0.3060398390,0.5886495606,0.5585898123
-3.0000000000,54.0000000000,0.0466877736,0.1299358069,0.8233764195,0.0964936560,0.2685495597,0.6349567843,0.5161570661
-3.0000000000,55.0000000000,0.0494391798,0.1350841432,0.8154766770,0.0862936961,0.2357828356,0.6779234683,0.4270823706
-3.0000000000,56.0000000000,0.0459708333,0.1322631558,0.8217660109,0.0784542022,0.2257213894,0.6958244084,0.4140424346
-3.0000000000,57.0000000000,0.0438721682,0.1271781152,0.8289497166,0.0755850779,0.2191085634,0.7053063587,0.4195657474
-3.0000000000,58.0000000000,0.0423632206,0.1259993819,0.8316373976,0.0703504719,0.2092408428,0.7204086853,0.3978260640
-2.0000000000,45.0000000000,0.1254177535,0.2471694730,0.6274127735,0.1717236140,0.3384276466,0.4898487394,0.2696534239
-2.0000000000,47.0000000000,0.0531572898,0.1495086528,0.7973340574,0.1576995517,0.4435411889,0.3987592594,0.6629204761
-2.0000000000,48.0000000000,0.0334990633,0.1074933123,0.8590076244,0.1485664410,0.4767267277,0.3747068313,0.7745179659
-2.0000000000,49.0000000000,0.0293150536,0.1003441234,0.8703408230,0.1396254125,0.4779315713,0.3824430162,0.7900449992
-2.0000000000,50.0000000000,0.0365189265,0.1189386262,0.8445424473,0.1357578848,0.4421503547,0.4220917605,0.7309995912
-2.0000000000,51.0000000000,0.0492721339,0.1438662364,0.8068616297,0.1343432957,0.3922595354,0.4733971689,0.6332371213
-2.0000000000,52.0000000000,0.0405714374,0.1247785311,0.8346500315,0.1206127283,0.3709476431,0.5084396286,0.6636222565
-2.0000000000,53.0000000000,0.0412289552,0.1247545072,0.8340165376,0.1075865255,0.3255455759,0.5668678986,0.6167832818
-2.0000000000,54.0000000000,0.0412109447,0.1237381939,0.8350508614,0.0945690655,0.2839489715,0.6214819630,0.5642238348
-2.0000000000,55.0000000000,0.0414109403,0.1262941811,0.8322948786,0.0825783193,0.2518455540,0.6655761267,0.4985252705
-2.0000000000,56.0000000000,0.0426099997,0.1279543160,0.8294356843,0.0781296558,0.2346169147,0.6872534295,0.4546245051
-1.0000000000,45.0000000000,0.1096511699,0.2300760579,0.6602727722,0.1763607828,0.3700498018,0.4535894154,0.3782565028
-1.0000000000,46.0000000000,0.0783201258,0.1883833515,0.7332965228,0.1722096420,0.4142157484,0.4135746096,0.5452047582
-1.0000000000,47.0000000000,0.0501833579,0.1410843341,0.8087323081,0.1614225208,0.4538195495,0.3847579296,0.6891179893
-1.0000000000,48.0000000000,0.0382910810,0.1153070537,0.8464018652,0.1563879773,0.4709356960,0.3726763267,0.7551532943
-1.0000000000,49.0000000000,0.0349018108,0.1136032027,0.8514949865,0.1439327368,0.4684920208,0.3875752424,0.7575130469
-1.0000000000,50.0000000000,0.0352947651,0.1166740108,0.8480312240,0.1366038779,0.4515718482,0.4118242739,0.7416269165
-1.0000000000,51.0000000000,0.0434741237,0.1337431392,0.8227827371,0.1327002421,0.4082370258,0.4590627321,0.6723885127
-1.0000000000,52.0000000000,0.0402235685,0.1265282738,0.8332481577,0.1199299184,0.3772545824,0.5028154993,0.6646077220
-1.0000000000,53.0000000000,0.0400492881,0.1269389765,0.8330117354,0.1065221558,0.3376293080,0.5558485362,0.6240285618
-1.0000000000,54.0000000000,0.0385231806,0.1230618025,0.8384150169,0.0947083259,0.3025445230,0.6027471511,0.5932439917
-1.0000000000,55.0000000000,0.0405624320,0.1253843670,0.8340532011,0.0861415655,0.2662760867,0.6475823479,0.5291189362
0.0000000000,45.0000000000,0.0837883114,0.1859067340,0.7303049546,0.1859613834,0.4126049666,0.4014336500,0.5494316622
0.0000000000,46.0000000000,0.0783157683,0.1805700031,0.7411142286,0.1810691972,0.4174850892,0.4014457136,0.5674815514
0.0000000000,47.0000000000,0.0613121458,0.1577862198,0.7809016344,0.1702746165,0.4382000942,0.3915252892,0.6399219857
0.0000000000,48.0000000000,0.0548024748,0.1470100710,0.7981874543,0.1644749180,0.4412112674,0.3943138146,0.6668034527
0.0000000000,49.0000000000,0.0467103288,0.1378512584,0.8154384127,0.1508839152,0.4452877577,0.4038283271,0.6904220786
0.0000000000,50.0000000000,0.0385886786,0.1246922546,0.8367190668,0.1380989252,0.4462414106,0.4156596642,0.7205722022
0.0000000000,51.0000000000,0.0425897433,0.1334535512,0.8239567055,0.1324908525,0.4151557013,0.4523534461,0.6785457823
0.0000000000,52.0000000000,0.0420729305,0.1330687666,0.8248583029,0.1214667913,0.3841766172,0.4943565914,0.6536260651
0.0000000000,53.0000000000,0.0434346200,0.1363021436,0.8202632364,0.1098705904,0.3447848047,0.5453446049,0.6046747371
0.0000000000,54.0000000000,0.0400311183,0.1277022734,0.8322666083,0.0998715842,0.3185978528,0.5815305629,0.5991740929
1.0000000000,45.0000000000,0.1008266912,0.1870761474,0.7120971614,0.2126284829,0.3945157471,0.3928557700,0.5258081616
1.0000000000,46.0000000000,0.0966599186,0.1916022001,0.7117378814,0.2014599704,0.3993400172,0.3992000124,0.5202028553
1.0000000000,47.0000000000,0.0685756957,0.1630891375,0.7683351669,0.1815919013,0.4318682627,0.3865398360,0.6223636892
1.0000000000,48.0000000000,0.0630996682,0.1589763104,0.7779240214,0.1720532770,0.4334792232,0.3944674998,0.6332550630
1.0000000000,49.0000000000,0.0540390828,0.1486808461,0.7972800710,0.1589778529,0.4374049383,0.4036172088,0.6600842077
1.0000000000,50.0000000000,0.0441388717,0.1353075699,0.8205535584,0.1440823033,0.4416838397,0.4142338569,0.6936551494
1.0000000000,51.0000000000,0.0449059012,0.1395684872,0.8155256117,0.1348429474,0.4190947221,0.4460623305,0.6669762710
1.0000000000,52.0000000000,0.0449730019,0.1401851138,0.8148418843,0.1256111375,0.3915418331,0.4828470293,0.6419664467
1.0000000000,53.0000000000,0.0464839178,0.1440638834,0.8094521987,0.1152979893,0.3573338236,0.5273681871,0.5968367002
2.0000000000,45.0000000000,0.1375101939,0.1919098321,0.6705799740,0.2568580487,0.3584722236,0.3846697278,0.4646451818
2.0000000000,46.0000000000,0.1189367766,0.1990962087,0.6819670147,0.2272699552,0.3804423471,0.3922876977,0.4766718000
2.0000000000,47.0000000000,0.0712164980,0.1549010356,0.7738824665,0.1992063090,0.4332881347,0.3675055563,0.6424987828
2.0000000000,48.0000000000,0.0655545898,0.1561229974,0.7783224128,0.1838241588,0.4377905311,0.3783853101,0.6433842527
2.0000000000,49.0000000000,0.0551823165,0.1464196095,0.7983980740,0.1682660454,0.4464736205,0.3852603341,0.6720531679
2.0000000000,50.0000000000,0.0479685145,0.1368543193,0.8151771661,0.1570546482,0.4480773939,0.3948679578,0.6945743722
2.0000000000,51.0000000000,0.0499121066,0.1459027374,0.8041851561,0.1452325116,0.4245427104,0.4302247780,0.6563296606
3.0000000000,45.0000000000,0.1762632554,0.1994670731,0.6242696715,0.2876161374,0.3254787789,0.3869050837,0.3871579775
3.0000000000,46.0000000000,0.1315951752,0.1924472593,0.6759575655,0.2510620744,0.3671578997,0.3817800260,0.4758460611
3.0000000000,47.0000000000,0.0785098964,0.1464234418,0.7750666618,0.2281250414,0.4254604230,0.3464145356,0.6558470920
3.0000000000,48.0000000000,0.0710662120,0.1490494430,0.7798843449,0.2097354419,0.4398848610,0.3503796971,0.6611625990
3.0000000000,49.0000000000,0.0637625147,0.1464815471,0.7897559382,0.1950615500,0.4481146607,0.3568237893,0.6731159234
3.0000000000,50.0000000000,0.0580489238,0.1450601460,0.7968909302,0.1792583003,0.4479537863,0.3727879134,0.6761716266
3.0000000000,51.0000000000,0.0647359300,0.1673921151,0.7678719549,0.1630787887,0.4216839608,0.4152372505,0.6030389329
3.0000000000,52.0000000000,0.0758762397,0.1920854196,0.7320383407,0.1495302258,0.3785450660,0.4719247082,0.4925692160
4.0000000000,45.0000000000,0.1760028916,0.1866973171,0.6372997913,0.3046935574,0.3232075860,0.3720988566,0.4223609680
4.0000000000,46.0000000000,0.1419113351,0.1776867714,0.6804018935,0.2846580874,0.3564195663,0.3589223462,0.5014674047
4.0000000000,47.0000000000,0.1040811196,0.1502576423,0.7456612381,0.2740158479,0.3955854376,0.3303987145,0.6201638686
4.0000000000,48.0000000000,0.0878788239,0.1478318336,0.7642893424,0.2513969312,0.4229058566,0.3256972122,0.6504379608
4.0000000000,49.0000000000,0.0830898413,0.1514195947,0.7654905641,0.2382148495,0.4341131890,0.3276719615,0.6511978937
4.0000000000,50.0000000000,0.0822490126,0.1637387339,0.7540122535,0.2175886864,0.4331686778,0.3492426359,0.6219977520
4.0000000000,51.0000000000,0.0870984579,0.1909054886,0.7219960535,0.1898823167,0.4161907952,0.3939268881,0.5413029533
4.0000000000,52.0000000000,0.0892332574,0.2061927889,0.7045739537,0.1686855667,0.3897845762,0.4415298572,0.4710083429
4.0000000000,53.0000000000,0.0768218626,0.1973989284,0.7257792090,0.1475270342,0.3790806091,0.4733923567,0.4792692539
5.0000000000,45.0000000000,0.2321793426,0.1850321704,0.5827884870,0.3530448629,0.2813543036,0.3656008336,0.3423517320
5.0000000000,46.0000000000,0.2047886564,0.1827917420,0.6124196016,0.3424498095,0.3056663309,0.3518838595,0.4019892822
5.0000000000,47.0000000000,0.1630654318,0.1705628671,0.6663717012,0.3299386246,0.3451085688,0.3249528066,0.5057704082
5.0000000000,48.0000000000,0.1164689976,0.1436770085,0.7398539940,0.3174116873,0.3915613823,0.2910269304,0.6330664489
5.0000000000,49.0000000000,0.0992102793,0.1400024573,0.7607872634,0.2979622938,0.4204751124,0.2815625938,0.6670374697
5.0000000000,50.0000000000,0.1063391563,0.1675360709,0.7261247729,0.2676588375,0.4216933024,0.3106478601,0.6027063510
5.0000000000,51.0000000000,0.1066147350,0.2014642386,0.6919210265,0.2216109653,0.4187665466,0.3596224882,0.5189103805
5.0000000000,52.0000000000,0.0996838323,0.2134924011,0.6868237666,0.1895367939,0.4059300719,0.4045331342,0.4740660624
5.0000000000,53.0000000000,0.0927518801,0.2179223607,0.6893257592,0.1639005928,0.3850876562,0.4510117510,0.4340967382
5.0000000000,54.0000000000,0.0770943289,0.2049402431,0.7179654279,0.1431600993,0.3805632135,0.4762766872,0.4614817306
5.0000000000,59.0000000000,0.0966242015,0.2203637389,0.6830120596,0.1133198583,0.2584403004,0.6282398413,0.1473321360
5.0000000000,60.0000000000,0.1110944888,0.2043779420,0.6845275692,0.1213811246,0.2233020260,0.6553168494,0.0847465847
5.0000000000,61.0000000000,0.1173591203,0.1845718186,0.6980690611,0.1238552304,0.1947883134,0.6813564561,0.0524492189
5.0000000000,62.0000000000,0.1063239517,0.1752123655,0.7184636828,0.1105006033,0.1820951140,0.7074042826,0.0377975462
5.0000000000,63.0000000000,0.1057828037,0.1718506275,0.7223665689,0.1095061509,0.1778994326,0.7125944165,0.0340012614
6.0000000000,45.0000000000,0.3528483604,0.1472336882,0.4999179514,0.4907679610,0.2047836551,0.3044483839,0.2810281264
6.0000000000,46.0000000000,0.3105868209,0.1702247882,0.5191883909,0.4335750786,0.2376315444,0.3287933770,0.2836608093
6.0000000000,47.0000000000,0.2650112488,0.1777682279,0.5572205233,0.4142329136,0.2778653785,0.3079017079,0.3602361374
6.0000000000,48.0000000000,0.1949573839,0.1654611528,0.6395814633,0.3943532494,0.3346892636,0.2709574869,0.5056275454
6.0000000000,49.0000000000,0.1534390600,0.1578950856,0.6886658544,0.3688113829,0.3795220388,0.2516665783,0.5839633290
6.0000000000,50.0000000000,0.1417159593,0.1736265463,0.6846574943,0.3267914212,0.4003759781,0.2728326007,0.5663412496
6.0000000000,51.0000000000,0.1211233618,0.2004050301,0.6784716082,0.2564667104,0.4243377831,0.3191955065,0.5277228706
6.0000000000,52.0000000000,0.0960773073,0.1982896940,0.7056329987,0.2116692192,0.4368547152,0.3514760656,0.5460969354
6.0000000000,53.0000000000,0.0940027910,0.2178387579,0.6881584510,0.1790467908,0.4149167284,0.4060364808,0.4749819831
6.0000000000,54.0000000000,0.0785122830,0.2099279596,0.7115597574,0.1530234248,0.4091575751,0.4378190001,0.4869263765
6.0000000000,59.0000000000,0.1450324430,0.2190555581,0.6359119989,0.1573621621,0.2376782431,0.6049595948,0.0783525019
6.0000000000,60.0000000000,0.1537811882,0.1932875687,0.6529312431,0.1599975906,0.2011009646,0.6389014449,0.0388530999
6.0000000000,61.0000000000,0.1563432302,0.1752712224,0.6683855474,0.1603408796,0.1797528549,0.6599062655,0.0249321908
6.0000000000,62.0000000000,0.1377601653,0.1760811138,0.6861587209,0.1407990524,0.1799653326,0.6792356150,0.0215831503
6.0000000000,63.0000000000,0.1315981562,0.1816179890,0.6867838548,0.1347753320,0.1860027943,0.6792218737,0.0235738677
7.0000000000,45.0000000000,0.3231806353,0.1283721739,0.5484471908,0.5243356718,0.2082739579,0.2673903703,0.3836379008
7.0000000000,46.0000000000,0.3514790205,0.1340641009,0.5144568786,0.5313745731,0.2026813842,0.2659440427,0.3385475363
7.0000000000,47.0000000000,0.3234566065,0.1676843627,0.5088590308,0.4684579950,0.2428550809,0.2886869240,0.3095291148
7.0000000000,48.0000000000,0.2629006832,0.1690754673,0.5680238496,0.4568206011,0.2937883449,0.2493910540,0.4244990648
7.0000000000,49.0000000000,0.2257248063,0.1729956400,0.6012795537,0.4354410954,0.3337223420,0.2308365627,0.4816180450
7.0000000000,50.0000000000,0.1915184995,0.1867509103,0.6217305902,0.3813462413,0.3718531520,0.2468006068,0.4977831724
7.0000000000,51.0000000000,0.1548998120,0.2066515300,0.6384486580,0.3072325517,0.4098783338,0.2828891145,0.4958222650
7.0000000000,52.0000000000,0.1139085103,0.2085119180,0.6775795717,0.2410435663,0.4412353055,0.3177211282,0.5274360065
7.0000000000,53.0000000000,0.0931853390,0.2133514300,0.6934632311,0.1952543830,0.4470424456,0.3577031714,0.5227490542
7.0000000000,54.0000000000,0.0680757837,0.1927250643,0.7391991520,0.1620234221,0.4586943072,0.3792822707,0.5798398601
7.0000000000,59.0000000000,0.1879573351,0.2346295442,0.5774131208,0.2013881326,0.2513953805,0.5472164869,0.0666911073
7.0000000000,60.0000000000,0.2148948551,0.1988816727,0.5862234722,0.2209342853,0.2044710665,0.5745946482,0.0273358667
7.0000000000,61.0000000000,0.2177996252,0.1797454909,0.6024548839,0.2214773495,0.1827806401,0.5957420104,0.0166054195
7.0000000000,62.0000000000,0.1978890724,0.1832622570,0.6188486706,0.2009288501,0.1860773520,0.6129937979,0.0151286277
7.0000000000,63.0000000000,0.1704204638,0.1981941987,0.6313853375,0.1736216580,0.2019170974,0.6244612446,0.0184377585
8.0000000000,45.0000000000,0.2550909490,0.1336217458,0.6112873052,0.4795685124,0.2512075873,0.2692239003,0.4680823648
8.0000000000,46.0000000000,0.3161539329,0.1121273082,0.5717187589,0.5765735409,0.2044878536,0.2189386056,0.4516676356
8.0000000000,47.0000000000,0.3635151352,0.1509772619,0.4855076030,0.5306833680,0.2204065638,0.2489100683,0.3150056001
8.0000000000,48.0000000000,0.3186024333,0.1588951692,0.5225023975,0.5217546737,0.2602123792,0.2180329471,0.3893635278
8.0000000000,49.0000000000,0.2778255097,0.1769676303,0.5452068601,0.4838879918,0.3082240768,0.2078879315,0.4258474804
8.0000000000,50.0000000000,0.2102918009,0.1780669407,0.6116412584,0.4268469533,0.3614374445,0.2117156022,0.5073367650
8.0000000000,51.0000000000,0.1834256090,0.2053304159,0.6112439751,0.3569524331,0.3995799275,0.2434676394,0.4861343081
8.0000000000,52.0000000000,0.1397884559,0.2260040374,0.6342075067,0.2731539566,0.4416237136,0.2852223297,0.4882429761
8.0000000000,53.0000000000,0.0958632502,0.2142143153,0.6899224345,0.2128750762,0.4756868621,0.3114380617,0.5496736775
8.0000000000,54.0000000000,0.0662173696,0.1899376844,0.7438449460,0.1736912326,0.4982153578,0.3280934097,0.6187638911
8.0000000000,55.0000000000,0.0709167683,0.2195320221,0.7095512096,0.1526958060,0.4726896030,0.3746145910,0.5355683292
8.0000000000,56.0000000000,0.0865285904,0.2559452503,0.6575261594,0.1453109111,0.4298190615,0.4248700274,0.4045279207
8.0000000000,57.0000000000,0.0969341879,0.2668946018,0.6361712102,0.1466995874,0.4039166036,0.4493838091,0.3392333975
8.0000000000,59.0000000000,0.1993640131,0.2764468145,0.5241891724,0.2207320663,0.3060766866,0.4731912471,0.0968053873
8.0000000000,60.0000000000,0.2544489049,0.2356348889,0.5099162063,0.2643696455,0.2448220875,0.4908082670,0.0375260203
8.0000000000,61.0000000000,0.2886612756,0.2000171857,0.5113215387,0.2940973336,0.2037839017,0.5021187647,0.0184838741
8.0000000000,62.0000000000,0.2729105269,0.1971223795,0.5299670936,0.2768943420,0.1999998761,0.5231057819,0.0143874920
8.0000000000,63.0000000000,0.2182554374,0.2181109326,0.5636336299,0.2219812343,0.2218342627,0.5561845029,0.0167842878
8.0000000000,64.0000000000,0.2078209390,0.2249179957,0.5672610654,0.2125706449,0.2300584514,0.5573709037,0.0223441291
9.0000000000,45.0000000000,0.2880654584,0.1286420269,0.5832925147,0.5278508169,0.2357235030,0.2364256801,0.4542672869
9.0000000000,46.0000000000,0.3295248973,0.0973157950,0.5731593077,0.6335639741,0.1871050787,0.1793309472,0.4798869400
9.0000000000,47.0000000000,0.3970254295,0.1350437503,0.4679308202,0.5912156370,0.2010953730,0.2076889899,0.3284591870
9.0000000000,48.0000000000,0.3309236541,0.1476857216,0.5213906243,0.5591295420,0.2495302129,0.1913402451,0.4081449302
9.0000000000,49.0000000000,0.2649162802,0.1569949594,0.5780887604,0.5162626709,0.3059481170,0.1777892121,0.4868575725
9.0000000000,50.0000000000,0.2356703446,0.1766732415,0.5876564139,0.4651538555,0.3487084452,0.1861376992,0.4933496911
9.0000000000,51.0000000000,0.2149284448,0.2128874206,0.5721841346,0.3949998854,0.3912488494,0.2137512653,0.4558771971
9.0000000000,52.0000000000,0.1619853605,0.2374449881,0.6005696515,0.3048651750,0.4468842594,0.2482505655,0.4686655816
9.0000000000,53.0000000000,0.1058255016,0.2238208672,0.6703536312,0.2355019027,0.4980863714,0.2664117259,0.5506384433
9.0000000000,54.0000000000,0.0718911773,0.2035297170,0.7245791057,0.1882157505,0.5328539586,0.2789302909,0.6180384631
9.0000000000,55.0000000000,0.0676188672,0.2200244480,0.7123566848,0.1628131188,0.5297762013,0.3074106798,0.5846841601
9.0000000000,56.0000000000,0.0844860532,0.2647994358,0.6507145111,0.1579465947,0.4950422893,0.3470111159,0.4650973433
9.0000000000,57.0000000000,0.1014741935,0.2864533688,0.6120724377,0.1658550977,0.4681954082,0.3659494941,0.3881756127
9.0000000000,58.0000000000,0.1267453131,0.3032247245,0.5700299623,0.1872394692,0.4479505797,0.3648099511,0.3230844243
9.0000000000,59.0000000000,0.1969540664,0.3174679354,0.4855779982,0.2367094081,0.3815491016,0.3817414903,0.1679499857
9.0000000000,60.0000000000,0.2688151381,0.2912809375,0.4399039245,0.2913729998,0.3157240368,0.3929029635,0.0774191903
9.0000000000,61.0000000000,0.3290085708,0.2460100018,0.4249814274,0.3399234059,0.2541713655,0.4059052286,0.0321096898
9.0000000000,62.0000000000,0.3486089871,0.2217765660,0.4296144469,0.3551643263,0.2259469135,0.4188887602,0.0184572006
9.0000000000,63.0000000000,0.2781645284,0.2370411598,0.4847943117,0.2831373342,0.2412787945,0.4755838713,0.0175632287
9.0000000000,64.0000000000,0.2436758858,0.2404842221,0.5158398921,0.2491953687,0.2459314109,0.5048732204,0.0221492194
10.0000000000,45.0000000000,0.2706000418,0.1083411882,0.6210587700,0.5801432066,0.2322741855,0.1875826079,0.5335633707
10.0000000000,46.0000000000,0.3549792096,0.0832725600,0.5617482304,0.6977800322,0.1636882612,0.1385317065,0.4912734770
10.0000000000,47.0000000000,0.4459258164,0.1176319499,0.4364422337,0.6608156995,0.1743183202,0.1648659803,0.3251888284
10.0000000000,48.0000000000,0.3614105319,0.1440761323,0.4945133357,0.5936804297,0.2366704138,0.1696491565,0.3912372485
10.0000000000,49.0000000000,0.2627778089,0.1415763767,0.5956458144,0.5514071385,0.2970807356,0.1515121258,0.5234414092
10.0000000000,50.0000000000,0.2547352226,0.1663939785,0.5788707989,0.5096164251,0.3328833117,0.1575002633,0.5001432253
10.0000000000,51.0000000000,0.2470293996,0.2085280533,0.5444425471,0.4441970399,0.3749656688,0.1808372912,0.4438742779
10.0000000000,52.0000000000,0.1810591497,0.2360964182,0.5828444321,0.3447900807,0.4495972904,0.2056126288,0.4748713499
10.0000000000,53.0000000000,0.1228206521,0.2364429214,0.6407364265,0.2660467394,0.5121684930,0.2217847676,0.5383493428
10.0000000000,54.0000000000,0.0931312440,0.2416274032,0.6652413528,0.2117829121,0.5494671060,0.2387499818,0.5602513771
10.0000000000,55.0000000000,0.0817325314,0.2565253618,0.6617421068,0.1800485755,0.5650996631,0.2548517614,0.5460528850
10.0000000000,56.0000000000,0.0867851786,0.2812709687,0.6319438527,0.1721414056,0.5579107018,0.2699478926,0.4958494831
10.0000000000,57.0000000000,0.1068958750,0.3049919090,0.5881122160,0.1859592952,0.5305731435,0.2834675613,0.4251651960
10.0000000000,58.0000000000,0.1347844264,0.3120772446,0.5531383290,0.2146892853,0.4970874039,0.2882233108,0.3721883875
10.0000000000,60.0000000000,0.2669768086,0.3229195623,0.4101036291,0.3138775454,0.3796479556,0.3064744990,0.1494236764
10.0000000000,61.0000000000,0.3500696631,0.2834586135,0.3664717234,0.3732091513,0.3021951335,0.3245957152,0.0620013956
10.0000000000,62.0000000000,0.3771501883,0.2494614436,0.3733883681,0.3879547470,0.2566079886,0.3554372644,0.0278500490
10.0000000000,63.0000000000,0.3196194728,0.2480619560,0.4323185712,0.3262517520,0.2532093775,0.4205388705,0.0203287159
10.0000000000,64.0000000000,0.2738991412,0.2529186910,0.4731821678,0.2804099060,0.2589307365,0.4606593576,0.0232187401
10.0000000000,65.0000000000,0.2424677541,0.2542731003,0.5032591456,0.2490290353,0.2611538393,0.4898171254,0.0263474548
11.0000000000,45.0000000000,0.2123331699,0.0891491973,0.6985176329,0.6001237160,0.2519650961,0.1479111879,0.6461843380
11.0000000000,46.0000000000,0.3119865296,0.0800985929,0.6079148776,0.7017983856,0.1801778533,0.1180237611,0.5554470686
11.0000000000,47.0000000000,0.4794896144,0.1150947838,0.4054156018,0.6962747304,0.1671310225,0.1365942471,0.3113499693
11.0000000000,48.0000000000,0.4171194800,0.1455877930,0.4372927270,0.6321248295,0.2206314096,0.1472437609,0.3401311567
11.0000000000,49.0000000000,0.3108091912,0.1410702852,0.5481205235,0.5979800718,0.2714115981,0.1306083300,0.4802348676
11.0000000000,50.0000000000,0.3143032122,0.1693843570,0.5163124308,0.5607528587,0.3022010554,0.1370460859,0.4394977979
11.0000000000,51.0000000000,0.2814885424,0.2090627763,0.5094486813,0.4856264353,0.3606768855,0.1536966792,0.4203599269
11.0000000000,52.0000000000,0.1689902700,0.2064024939,0.6246072361,0.3775728489,0.4611625132,0.1612646379,0.5524300264
11.0000000000,53.0000000000,0.1287969283,0.2270117325,0.6441913391,0.2971922725,0.5238178702,0.1789898574,0.5666208706
11.0000000000,54.0000000000,0.1083641012,0.2592592223,0.6323766764,0.2360572488,0.5647628507,0.1991799005,0.5409414377
11.0000000000,55.0000000000,0.0963448164,0.2830977959,0.6205573877,0.2003938097,0.5888334000,0.2107727903,0.5192225919
11.0000000000,56.0000000000,0.0963305818,0.3010185640,0.6026508542,0.1902780243,0.5945901764,0.2151317993,0.4937377442
11.0000000000,58.0000000000,0.1655293428,0.3405864238,0.4938842335,0.2486492836,0.5116106236,0.2397400927,0.3342858650
11.0000000000,59.0000000000,0.2374660369,0.3452074212,0.4173265419,0.3034107444,0.4410720876,0.2555171680,0.2173446678
11.0000000000,60.0000000000,0.2913264437,0.3289465967,0.3797269595,0.3453674075,0.3899660871,0.2646665054,0.1564738380
11.0000000000,61.0000000000,0.3636522693,0.2942588625,0.3420888682,0.3946012694,0.3193020654,0.2860966652,0.0784310707
11.0000000000,62.0000000000,0.3995705144,0.2520307323,0.3483987533,0.4132580427,0.2606641966,0.3260777607,0.0331210209
11.0000000000,63.0000000000,0.3562425894,0.2443529130,0.3994044977,0.3640289187,0.2496936901,0.3862773912,0.0213893154
11.0000000000,64.0000000000,0.3061651566,0.2529905031,0.4408443403,0.3133043501,0.2588897640,0.4278058859,0.0227867677
11.0000000000,65.0000000000,0.2630804103,0.2599570833,0.4769625064,0.2699744457,0.2667692718,0.4632562825,0.0255358815
12.0000000000,45.0000000000,0.2052258021,0.0889032227,0.7058709752,0.6099472005,0.2642273596,0.1258254399,0.6635351356
12.0000000000,46.0000000000,0.3037475923,0.0790824632,0.6171699444,0.7150630498,0.1861708497,0.0987661005,0.5752156507
12.0000000000,47.0000000000,0.4829640841,0.1095824396,0.4074534764,0.7255949818,0.1646343297,0.1097706885,0.3343888861
12.0000000000,48.0000000000,0.4472460619,0.1443975037,0.4083564344,0.6607111826,0.2133166808,0.1259721366,0.3230838623
12.0000000000,49.0000000000,0.3465465163,0.1372511188,0.5162023649,0.6367919725,0.2522039799,0.1110040476,0.4557932083
12.0000000000,50.0000000000,0.3711525072,0.1690052811,0.4598422117,0.6045755004,0.2752950618,0.1201294378,0.3860940330
12.0000000000,51.0000000000,0.2973430226,0.2013025722,0.5013544053,0.5169504621,0.3499778027,0.1330717352,0.4248133151
12.0000000000,52.0000000000,0.1789112910,0.1944818810,0.6266068280,0.4137407182,0.4497484348,0.1365108471,0.5675763029
12.0000000000,53.0000000000,0.1573616380,0.2364908778,0.6061474841,0.3368441459,0.5062260965,0.1569297576,0.5328354672
12.0000000000,54.0000000000,0.1359036231,0.2808316771,0.5832646998,0.2684620088,0.5547507450,0.1767872462,0.4937696261
12.0000000000,55.0000000000,0.1156187189,0.2990011901,0.5853800910,0.2272849074,0.5877807545,0.1849343381,0.4913048993
12.0000000000,56.0000000000,0.1108078364,0.3092885736,0.5799035900,0.2149842129,0.6000673120,0.1849484750,0.4845768677
12.0000000000,57.0000000000,0.1524338071,0.3497067820,0.4978594109,0.2436687891,0.5590139731,0.1973172378,0.3744221096
12.0000000000,58.0000000000,0.2217973005,0.3702185965,0.4079841031,0.2929849067,0.4890431972,0.2179718960,0.2429736298
12.0000000000,59.0000000000,0.2787858232,0.3484747965,0.3727393803,0.3433930324,0.4292320739,0.2273748937,0.1881436229
12.0000000000,60.0000000000,0.3411424046,0.3197190585,0.3391385369,0.3904174892,0.3658997252,0.2436827856,0.1262112635
12.0000000000,61.0000000000,0.4014360983,0.2804259260,0.3181379757,0.4302073786,0.3005243002,0.2692683212,0.0668777006
12.0000000000,62.0000000000,0.4263317659,0.2414320066,0.3322362275,0.4407630083,0.2496044303,0.3096325615,0.0327415009
12.0000000000,63.0000000000,0.3943955673,0.2319703578,0.3736340749,0.4030344501,0.2370514613,0.3599140886,0.0214346012
12.0000000000,64.0000000000,0.3512206180,0.2407120364,0.4080673456,0.3585804066,0.2457561301,0.3956634633,0.0205247930
12.0000000000,65.0000000000,0.2966078863,0.2536252466,0.4497668670,0.3032542032,0.2593084191,0.4374373777,0.0219166522
12.0000000000,66.0000000000,0.2396217647,0.2634024459,0.4969757894,0.2451884113,0.2695215408,0.4852900479,0.0227035469
13.0000000000,46.0000000000,0.4146108639,0.1030857960,0.4823033401,0.7246925309,0.1801822212,0.0951252479,0.4278803131
13.0000000000,47.0000000000,0.5270092075,0.1127629394,0.3602278531,0.7458859789,0.1595954952,0.0945185259,0.2934453490
13.0000000000,48.0000000000,0.4969656110,0.1420506440,0.3609837450,0.6943531980,0.1984711150,0.1071756869,0.2842754777
13.0000000000,49.0000000000,0.4210925473,0.1429386834,0.4359687693,0.6733686554,0.2285731003,0.0980582443,0.3746478338
13.0000000000,50.0000000000,0.4225425331,0.1687604719,0.4086969950,0.6385902298,0.2550483800,0.1063613902,0.3383197654
13.0000000000,51.0000000000,0.3244302279,0.1924986245,0.4830711475,0.5545916246,0.3290634341,0.1163449413,0.4150105888
13.0000000000,52.0000000000,0.2039772201,0.1919039047,0.6041188752,0.4524567391,0.4256760382,0.1218672228,0.5491785125
13.0000000000,53.0000000000,0.1814131780,0.2350393511,0.5835474708,0.3738759182,0.4843945416,0.1417295402,0.5147770444
13.0000000000,54.0000000000,0.1534624146,0.2676048695,0.5789327159,0.3065514665,0.5345586760,0.1588898575,0.4993910276
13.0000000000,55.0000000000,0.1328656909,0.2853374512,0.5817968579,0.2645435613,0.5681239831,0.1673324556,0.4977549625
13.0000000000,56.0000000000,0.1411619454,0.3053533869,0.5534846677,0.2621953358,0.5671658433,0.1706388209,0.4616153449
13.0000000000,57.0000000000,0.2158924891,0.3627973117,0.4213101992,0.3011849426,0.5061273227,0.1926877347,0.2831896335
13.0000000000,58.0000000000,0.2845004355,0.3648087296,0.3506908349,0.3449918647,0.4423755755,0.2126325599,0.1753416106
13.0000000000,59.0000000000,0.3213572264,0.3341185797,0.3445241939,0.3870482957,0.4024182941,0.2105334102,0.1697231845
13.0000000000,60.0000000000,0.3841076258,0.3009483234,0.3149440509,0.4366511454,0.3421161709,0.2212326837,0.1203329483
13.0000000000,61.0000000000,0.4355976188,0.2663084439,0.2980939373,0.4659722759,0.2848783976,0.2491493265,0.0651855456
13.0000000000,62.0000000000,0.4471867427,0.2379658812,0.3148473761,0.4640790257,0.2469549379,0.2889660364,0.0363995830
13.0000000000,63.0000000000,0.4241512387,0.2323841064,0.3434646548,0.4349597686,0.2383058870,0.3267343444,0.0248494934
13.0000000000,64.0000000000,0.3965849960,0.2350487907,0.3683662132,0.4054726043,0.2403163163,0.3542110794,0.0219191340
13.0000000000,65.0000000000,0.3442677027,0.2427863766,0.4129459207,0.3513122078,0.2477543415,0.4009334507,0.0200519792
13.0000000000,66.0000000000,0.2673631441,0.2573505656,0.4752862902,0.2725485462,0.2623417777,0.4651096761,0.0190256090
13.0000000000,67.0000000000,0.2055975028,0.2704702659,0.5239322313,0.2095797084,0.2757089882,0.5147113034,0.0190009122
14.0000000000,46.0000000000,0.5158375324,0.1214311852,0.3627312824,0.7353032926,0.1730947143,0.0916019931,0.2984697095
14.0000000000,47.0000000000,0.5472274262,0.1214158807,0.3313566931,0.7471147302,0.1657658015,0.0871194683,0.2675456605
14.0000000000,48.0000000000,0.5167744164,0.1442427352,0.3389828485,0.7075616052,0.1974954990,0.0949428958,0.2696403924
14.0000000000,49.0000000000,0.4122123010,0.1476833294,0.4401043696,0.6692042191,0.2397558415,0.0910399394,0.3840261474
14.0000000000,50.0000000000,0.3912857021,0.1706213782,0.4380929197,0.6284796709,0.2740505647,0.0974697644,0.3774091347
14.0000000000,51.0000000000,0.3214708047,0.1840622508,0.4944669445,0.5705656441,0.3266847102,0.1027496457,0.4365752512
14.0000000000,52.0000000000,0.2262438798,0.1868972763,0.5868588439,0.4871828732,0.4024557578,0.1103613690,0.5356078955
14.0000000000,53.0000000000,0.1839485181,0.2080901774,0.6079613045,0.4099590228,0.4637626149,0.1262783624,0.5513002327
14.0000000000,54.0000000000,0.1541575447,0.2247541331,0.6210883222,0.3494471087,0.5094767315,0.1410761598,0.5588529971
14.0000000000,56.0000000000,0.1802943096,0.2912139875,0.5284917029,0.3189930094,0.5152421417,0.1657648489,0.4348016905
14.0000000000,57.0000000000,0.2688788467,0.3369507196,0.3941704337,0.3607431034,0.4520721870,0.1871847096,0.2546528424
14.0000000000,58.0000000000,0.3350706391,0.3327562437,0.3321731172,0.4002447659,0.3974802007,0.2022750335,0.1628356754
14.0000000000,59.0000000000,0.3735504462,0.3033126226,0.3231369312,0.4415332053,0.3585127413,0.1999540534,0.1539697542
14.0000000000,60.0000000000,0.4173955451,0.2816350907,0.3009693642,0.4763424750,0.3214091710,0.2022483540,0.1237490524
14.0000000000,61.0000000000,0.4661073607,0.2567540107,0.2771386286,0.5028523710,0.2769949028,0.2201527262,0.0730731572
14.0000000000,62.0000000000,0.4696256988,0.2426037256,0.2877705756,0.4911466650,0.2537212317,0.2551321033,0.0438177997
14.0000000000,63.0000000000,0.4483014727,0.2399455319,0.3117529954,0.4622718418,0.2474229279,0.2903052303,0.0302211120
14.0000000000,64.0000000000,0.4305612262,0.2374360554,0.3320027184,0.4413322697,0.2433758241,0.3152919062,0.0244057466
14.0000000000,65.0000000000,0.3805139329,0.2396850129,0.3798010542,0.3878386879,0.2442988623,0.3678624498,0.0188860864
14.0000000000,66.0000000000,0.3070888524,0.2488807196,0.4440304279,0.3120517876,0.2529029395,0.4350452729,0.0159042037
14.0000000000,67.0000000000,0.2123072862,0.2767946273,0.5108980864,0.2157732297,0.2813133349,0.5029134354,0.0160628986
14.0000000000,68.0000000000,0.1753915411,0.2937360164,0.5308724425,0.1784320341,0.2988280652,0.5227399008,0.0170400621
14.0000000000,69.0000000000,0.1504018164,0.3062949556,0.5433032280,0.1530526653,0.3116934386,0.5352538961,0.0173198482
15.0000000000,45.0000000000,0.4701891423,0.1375391456,0.3922717121,0.7025998789,0.2055236464,0.0918764747,0.3307867586
15.0000000000,46.0000000000,0.4767362118,0.1375059287,0.3857578595,0.7070145091,0.2039255341,0.0890599568,0.3257051932
15.0000000000,47.0000000000,0.4812298767,0.1289705076,0.3897996158,0.7251603471,0.1943443302,0.0804953228,0.3363814243
15.0000000000,48.0000000000,0.4542782457,0.1430676545,0.4026540998,0.6965328806,0.2193618700,0.0841052493,0.3478007165
15.0000000000,49.0000000000,0.3647009421,0.1395731336,0.4957259244,0.6650921057,0.2545345476,0.0803733467,0.4516534794
15.0000000000,50.0000000000,0.4112594580,0.1680522663,0.4206882757,0.6473575250,0.2645286255,0.0881138495,0.3647104697
15.0000000000,51.0000000000,0.3561568981,0.1843753300,0.4594677719,0.5960733909,0.3085753182,0.0953512910,0.4024948882
15.0000000000,52.0000000000,0.2472202219,0.1811351249,0.5716446532,0.5183767346,0.3798080668,0.1018151986,0.5230877364
15.0000000000,53.0000000000,0.2167862478,0.2004583598,0.5827553924,0.4586988467,0.4241506063,0.1171505470,0.5273887227
15.0000000000,54.0000000000,0.2015966505,0.2253800965,0.5730232530,0.4076357574,0.4557267500,0.1366374926,0.5054490514
15.0000000000,55.0000000000,0.1795427950,0.2338591683,0.5865980367,0.3695359923,0.4813302579,0.1491337498,0.5141398978
15.0000000000,57.0000000000,0.3015402757,0.2940738616,0.4043858627,0.4142944867,0.4040361749,0.1816693384,0.2721595741
15.0000000000,58.0000000000,0.3663292729,0.2977362599,0.3359344672,0.4471969427,0.3634619316,0.1893411257,0.1808323404
15.0000000000,59.0000000000,0.3876561965,0.2809873664,0.3313564371,0.4742778338,0.3437738921,0.1819482741,0.1826390169
15.0000000000,60.0000000000,0.4233448191,0.2658417384,0.3108134425,0.5051057944,0.3171839984,0.1777102072,0.1618690108
15.0000000000,61.0000000000,0.4726786059,0.2543636323,0.2729577617,0.5260519663,0.2830855623,0.1908624714,0.1014602431
15.0000000000,62.0000000000,0.4903426852,0.2433157099,0.2663416049,0.5190024407,0.2575371289,0.2234604304,0.0552208492
15.0000000000,63.0000000000,0.4712760871,0.2421214799,0.2866024330,0.4878874582,0.2506556913,0.2614568506,0.0340475469
15.0000000000,64.0000000000,0.4378175480,0.2466550953,0.3155273567,0.4490274190,0.2529704470,0.2980021340,0.0249647806
15.0000000000,65.0000000000,0.3968620251,0.2460243764,0.3571135986,0.4040484737,0.2504794298,0.3454720965,0.0177861051
15.0000000000,66.0000000000,0.3374557744,0.2532062539,0.4093379718,0.3423038433,0.2568439494,0.4008522074,0.0141630571
15.0000000000,67.0000000000,0.2433040753,0.2878810418,0.4688148828,0.2468016581,0.2920194344,0.4611789075,0.0141716340
15.0000000000,68.0000000000,0.1909155173,0.3148070776,0.4942774050,0.1938173531,0.3195920131,0.4865906338,0.0149720120
15.0000000000,69.0000000000,0.1563424760,0.3351898526,0.5084676714,0.1588142347,0.3404891701,0.5006965952,0.0155638357
16.0000000000,45.0000000000,0.4754796762,0.1542348798,0.3702854440,0.6879787030,0.2231647700,0.0888565270,0.3088744257
16.0000000000,46.0000000000,0.4289979399,0.1476984396,0.4233036205,0.6811210426,0.2345011615,0.0843777959,0.3701590275
16.0000000000,47.0000000000,0.3839500467,0.1378597728,0.4781901805,0.6781700075,0.2435013720,0.0783286205,0.4338439588
16.0000000000,48.0000000000,0.3098949524,0.1292151294,0.5608899182,0.6530176996,0.2722850628,0.0746972376,0.5254417260
16.0000000000,49.0000000000,0.2628901038,0.1168342457,0.6202756505,0.6439404064,0.2861815282,0.0698780653,0.5917477749
16.0000000000,50.0000000000,0.3610264704,0.1539622351,0.4850112945,0.6462214060,0.2755855878,0.0781930061,0.4413269709
16.0000000000,51.0000000000,0.3293331035,0.1741768581,0.4964900384,0.5968695341,0.3156708483,0.0874596176,0.4482326795
16.0000000000,52.0000000000,0.2065874603,0.1504396938,0.6429728459,0.5265002662,0.3834043882,0.0900953456,0.6076213564
16.0000000000,53.0000000000,0.1950683391,0.1666132527,0.6383184083,0.4830344198,0.4125730307,0.1043925495,0.5961605818
16.0000000000,54.0000000000,0.2308337293,0.2153786834,0.5537875874,0.4494625364,0.4193696026,0.1311678610,0.4864227592
16.0000000000,55.0000000000,0.2204355329,0.2275119922,0.5520524749,0.4198641617,0.4333427129,0.1467931254,0.4749836899
16.0000000000,57.0000000000,0.2821203465,0.2543411662,0.4635384874,0.4376724502,0.3945767215,0.1677508283,0.3554075740
16.0000000000,58.0000000000,0.3578595915,0.2664446951,0.3756957134,0.4755619602,0.3540801042,0.1703579356,0.2475016476
16.0000000000,59.0000000000,0.3824685818,0.2589484004,0.3585830177,0.4978208159,0.3370470415,0.1651321426,0.2317143646
16.0000000000,60.0000000000,0.4100513870,0.2506870602,0.3392615529,0.5207203898,0.3183451339,0.1609344763,0.2125305730
16.0000000000,61.0000000000,0.4614601362,0.2507132628,0.2878266010,0.5352930029,0.2908269747,0.1738800224,0.1379298185
16.0000000000,62.0000000000,0.4922912718,0.2463429255,0.2613658027,0.5331135237,0.2667704113,0.2001160650,0.0765732815
16.0000000000,63.0000000000,0.4813113676,0.2484061895,0.2702824428,0.5026668533,0.2594278175,0.2379053293,0.0424843721
16.0000000000,64.0000000000,0.4472600080,0.2539732762,0.2987667158,0.4596759908,0.2610235998,0.2793004094,0.0270102921
16.0000000000,65.0000000000,0.4022884524,0.2593029019,0.3384086457,0.4094778911,0.2639369955,0.3265851134,0.0175575748
16.0000000000,66.0000000000,0.3557405476,0.2673133712,0.3769460812,0.3605946910,0.2709609100,0.3684443990,0.0134614945
16.0000000000,67.0000000000,0.2878517540,0.2952250243,0.4169232216,0.2915873937,0.2990563518,0.4093562545,0.0128113896
16.0000000000,68.0000000000,0.2064651292,0.3412520173,0.4522828535,0.2093479917,0.3460169024,0.4446351059,0.0137706716
16.0000000000,69.0000000000,0.1657932702,0.3667298464,0.4674768834,0.1682176119,0.3720924191,0.4596899690,0.0144119376
17.0000000000,45.0000000000,0.4715181875,0.1625431673,0.3659386453,0.6813582935,0.2348798795,0.0837618270,0.3079732177
17.0000000000,46.0000000000,0.3872674671,0.1487378140,0.4639947189,0.6665902459,0.2560173122,0.0773924420,0.4190322023
17.0000000000,47.0000000000,0.3342301900,0.1399340407,0.5258357692,0.6525779232,0.2732184836,0.0742035932,0.4878309882
17.0000000000,48.0000000000,0.2598241740,0.1206239456,0.6195518804,0.6360513025,0.2952882193,0.0686604781,0.5915043755
17.0000000000,49.0000000000,0.2522241170,0.1178198963,0.6299559866,0.6363134424,0.2972371742,0.0664493834,0.6036165508
17.0000000000,50.0000000000,0.3096789399,0.1466590582,0.5436620020,0.6288894646,0.2978321245,0.0732784109,0.5075781082
17.0000000000,51.0000000000,0.2645556186,0.1511084175,0.5843359639,0.5863986382,0.3349381530,0.0786632088,0.5488468059
17.0000000000,52.0000000000,0.1930925012,0.1376409919,0.6692665070,0.5349698477,0.3813394100,0.0836907423,0.6390590947
17.0000000000,53.0000000000,0.1794470226,0.1458021816,0.6747507958,0.4989000949,0.4053604300,0.0957394751,0.6403147155
17.0000000000,54.0000000000,0.2303194879,0.1911583581,0.5785221540,0.4817986014,0.3998785790,0.1183228197,0.5219589943
17.0000000000,55.0000000000,0.2360921963,0.2088980162,0.5550097876,0.4590722937,0.4061942451,0.1347334611,0.4857189173
17.0000000000,59.0000000000,0.3734356611,0.2365695117,0.3899948272,0.5206979514,0.3298593920,0.1494426566,0.2828171110
17.0000000000,60.0000000000,0.3913775759,0.2378316049,0.3707908192,0.5292325670,0.3216030722,0.1491643608,0.2604809298
17.0000000000,61.0000000000,0.4344728248,0.2494906649,0.3160365103,0.5320312028,0.3055123611,0.1624564361,0.1833696548
17.0000000000,62.0000000000,0.4652926292,0.2573976182,0.2773097526,0.5258303525,0.2908867921,0.1832828554,0.1151278601
17.0000000000,63.0000000000,0.4802877787,0.2577761777,0.2619360436,0.5105708705,0.2740294742,0.2153996553,0.0593122201
17.0000000000,64.0000000000,0.4576759409,0.2625434827,0.2797805764,0.4731084814,0.2713962813,0.2554952372,0.0326194543
17.0000000000,65.0000000000,0.4055362710,0.2755424371,0.3189212919,0.4134224181,0.2809006956,0.3056768862,0.0190752770
17.0000000000,66.0000000000,0.3599600897,0.2875646935,0.3524752169,0.3650660854,0.2916437681,0.3432901465,0.0139864970
17.0000000000,67.0000000000,0.3200358277,0.3053953619,0.3745688103,0.3240249083,0.3092019567,0.3667731350,0.0123110307
17.0000000000,68.0000000000,0.2391343518,0.3570503562,0.4038152921,0.2422525050,0.3617060558,0.3960414392,0.0128715005
17.0000000000,69.0000000000,0.1812378299,0.4008507008,0.4179114693,0.1837392233,0.4063831293,0.4098776474,0.0136138242
17.0000000000,70.0000000000,0.1616145737,0.4132890368,0.4250963895,0.1638823922,0.4190884181,0.4170291896,0.0138380854
18.0000000000,45.0000000000,0.3856070323,0.1594460400,0.4549469277,0.6536393463,0.2702756865,0.0760849671,0.4100614743
18.0000000000,46.0000000000,0.2720114012,0.1278399540,0.6001486448,0.6341064205,0.2980174187,0.0678761608,0.5710319398
18.0000000000,47.0000000000,0.2418767732,0.1198231595,0.6383000673,0.6249081621,0.3095728018,0.0655190361,0.6129402881
18.0000000000,48.0000000000,0.2470953666,0.1164252638,0.6364793696,0.6369875240,0.3001328660,0.0628796100,0.6120875884
18.0000000000,49.0000000000,0.3192772615,0.1381265557,0.5425961827,0.6518970992,0.2820254113,0.0660774895,0.5102336520
18.0000000000,50.0000000000,0.3361823132,0.1593737540,0.5044439328,0.6286201843,0.2980096057,0.0733702099,0.4652059836
18.0000000000,51.0000000000,0.2360110655,0.1398649965,0.6241239380,0.5817197312,0.3447390401,0.0735412287,0.5942873297
18.0000000000,52.0000000000,0.1752033647,0.1269164155,0.6978802198,0.5346156740,0.3872728422,0.0781114838,0.6722816535
18.0000000000,53.0000000000,0.1599919044,0.1289595080,0.7110485876,0.5050705310,0.4071058936,0.0878235754,0.6832285898
18.0000000000,54.0000000000,0.2001675962,0.1640461285,0.6357862753,0.4917052186,0.4029740028,0.1053207785,0.5929113855
18.0000000000,55.0000000000,0.2116467515,0.1779827973,0.6103704512,0.4789874527,0.4028010168,0.1182115305,0.5581371697
18.0000000000,58.0000000000,0.3505673879,0.2281576936,0.4212749185,0.5209742281,0.3390625665,0.1399632054,0.3270926486
18.0000000000,60.0000000000,0.4064443233,0.2314255515,0.3621301253,0.5469436185,0.3114245206,0.1416318610,0.2568807651
18.0000000000,61.0000000000,0.4456930421,0.2423091213,0.3119978366,0.5477159921,0.2977757520,0.1545082558,0.1862698031
18.0000000000,63.0000000000,0.4764504780,0.2630082936,0.2605412285,0.5110597385,0.2821131596,0.2068271020,0.0677205772
18.0000000000,64.0000000000,0.4544728999,0.2736840833,0.2718430169,0.4738162292,0.2853326577,0.2408511131,0.0408245396
18.0000000000,65.0000000000,0.4141421703,0.2859542662,0.2999035635,0.4237851929,0.2926125194,0.2836022877,0.0227545057
18.0000000000,66.0000000000,0.3681586094,0.3018172744,0.3300241162,0.3740111880,0.3066152318,0.3193735802,0.0156481378
18.0000000000,67.0000000000,0.3337347391,0.3173130140,0.3489522469,0.3379408245,0.3213121351,0.3407470404,0.0124462187
18.0000000000,68.0000000000,0.2784624319,0.3591408425,0.3623967256,0.2819396166,0.3636254656,0.3544349178,0.0123330831
18.0000000000,69.0000000000,0.2034965253,0.4191369260,0.3773665487,0.2062632655,0.4248355145,0.3689012200,0.0134136350
18.0000000000,70.0000000000,0.1752260936,0.4335307743,0.3912431321,0.1776363523,0.4394940490,0.3828695986,0.0135684994
19.0000000000,45.0000000000,0.2908225323,0.1460463789,0.5631310888,0.6196959068,0.3112012762,0.0691028170,0.5307012212
19.0000000000,46.0000000000,0.2051014579,0.1152055489,0.6796929932,0.6001097495,0.3370818217,0.0628084288,0.6582267526
19.0000000000,47.0000000000,0.2261548253,0.1239223243,0.6499228504,0.6050098871,0.3315172752,0.0634728377,0.6261964802
19.0000000000,48.0000000000,0.2724649882,0.1262132111,0.6013218006,0.6419476108,0.2973676357,0.0606847535,0.5755650716
19.0000000000,49.0000000000,0.3956885559,0.1555611711,0.4487502729,0.6706686523,0.2636669660,0.0656643817,0.4100088702
19.0000000000,50.0000000000,0.3676545978,0.1712950612,0.4610503410,0.6325701080,0.2947226446,0.0727072474,0.4187923313
19.0000000000,51.0000000000,0.2204470565,0.1354672451,0.6440856984,0.5760857835,0.3540113224,0.0699028941,0.6173364057
19.0000000000,52.0000000000,0.1843854034,0.1318333985,0.6837811982,0.5390180921,0.3853916071,0.0755903008,0.6579235353
19.0000000000,53.0000000000,0.1757805336,0.1363747064,0.6878447600,0.5159798204,0.4003093807,0.0837107989,0.6593267283
19.0000000000,54.0000000000,0.2131809706,0.1687990874,0.6180199420,0.5035613937,0.3987255685,0.0977130377,0.5766534661
19.0000000000,55.0000000000,0.2160119457,0.1738884235,0.6100996309,0.4953977971,0.3987924912,0.1058097117,0.5639626439
19.0000000000,64.0000000000,0.4411205278,0.2854755334,0.2734039388,0.4687501347,0.3033563081,0.2278935572,0.0589431444
19.0000000000,65.0000000000,0.4117399764,0.3009612947,0.2872987289,0.4253495183,0.3109091880,0.2637412938,0.0319961379
19.0000000000,66.0000000000,0.3676229825,0.3139818656,0.3183951519,0.3748073894,0.3201179713,0.3050746393,0.0191682638
19.0000000000,67.0000000000,0.3299091116,0.3275302221,0.3425606664,0.3344298845,0.3320183969,0.3335517186,0.0135178498
19.0000000000,68.0000000000,0.2919823858,0.3568703521,0.3511472621,0.2955700219,0.3612552774,0.3431747006,0.0121380243
19.0000000000,69.0000000000,0.2304641076,0.4062297179,0.3633061745,0.2334032541,0.4114104318,0.3551863141,0.0125925683
19.0000000000,70.0000000000,0.1891807210,0.4276176836,0.3832015954,0.1916071965,0.4331024063,0.3752903972,0.0126638011
20.0000000000,45.0000000000,0.2299890794,0.1348258689,0.6351850517,0.5900246007,0.3458885077,0.0640868917,0.6102042540
20.0000000000,46.0000000000,0.1942321841,0.1210602254,0.6847075905,0.5781589796,0.3603525168,0.0614885036,0.6640505623
20.0000000000,47.0000000000,0.1984294256,0.1244083332,0.6771622412,0.5766680256,0.3615507513,0.0617812230,0.6559035411
20.0000000000,48.0000000000,0.2585431843,0.1365688738,0.6048879419,0.6142907698,0.3244835048,0.0612257254,0.5791192103
20.0000000000,49.0000000000,0.3848873135,0.1704721273,0.4446405593,0.6469336339,0.2865362118,0.0665301543,0.4050590458
20.0000000000,50.0000000000,0.3657245738,0.1872099560,0.4470654702,0.6130134816,0.3137941367,0.0731923818,0.4033988080
20.0000000000,51.0000000000,0.2053430149,0.1384491114,0.6562078738,0.5564471510,0.3751752337,0.0683776153,0.6309748114
20.0000000000,52.0000000000,0.2003542101,0.1478006962,0.6518450937,0.5321409596,0.3925587801,0.0753002603,0.6234941016
20.0000000000,53.0000000000,0.2003551139,0.1525475175,0.6470973686,0.5218390773,0.3973208083,0.0808401143,0.6160595813
20.0000000000,54.0000000000,0.2564861115,0.1906548838,0.5528590047,0.5193494746,0.3860501963,0.0946003292,0.5061396533
20.0000000000,55.0000000000,0.2510626283,0.1927953633,0.5561420083,0.5094750001,0.3912347226,0.0992902773,0.5072130560
20.0000000000,64.0000000000,0.4108976353,0.2962073586,0.2928950061,0.4539743323,0.3272604324,0.2187652353,0.0948879570
20.0000000000,65.0000000000,0.3911579244,0.3145598174,0.2942822583,0.4123026608,0.3315639071,0.2561334321,0.0512845016
20.0000000000,66.0000000000,0.3604560145,0.3193349519,0.3202090336,0.3700810053,0.3278619173,0.3020570775,0.0260077945
20.0000000000,67.0000000000,0.3298691730,0.3208269792,0.3493038478,0.3349427942,0.3257615250,0.3392956808,0.0151477244
20.0000000000,68.0000000000,0.3015162324,0.3346236626,0.3638601049,0.3051340117,0.3386386854,0.3562273030,0.0118563617
20.0000000000,69.0000000000,0.2499176656,0.3734754384,0.3766068960,0.2529335997,0.3779824319,0.3690839684,0.0119238174
20.0000000000,70.0000000000,0.1996657356,0.4024500940,0.3978841704,0.2021115865,0.4073799980,0.3905084156,0.0121014876
20.0000000000,71.0000000000,0.1924823389,0.4042997186,0.4032179425,0.1947994798,0.4091667595,0.3960337606,0.0118950057
21.0000000000,45.0000000000,0.2845775075,0.1658393547,0.5495831378,0.5895049539,0.3435377658,0.0669572803,0.5172601932
21.0000000000,46.0000000000,0.2797308112,0.1684623210,0.5518068678,0.5822207483,0.3506308732,0.0671483785,0.5195451004
21.0000000000,47.0000000000,0.2528054362,0.1603923954,0.5868021684,0.5714833863,0.3625776038,0.0659390099,0.5576329212
21.0000000000,48.0000000000,0.2765391343,0.1675317971,0.5559290687,0.5816037020,0.3523447545,0.0660515435,0.5245230845
21.0000000000,49.0000000000,0.3187858077,0.1799640539,0.5012501385,0.5960861950,0.3365083561,0.0674054489,0.4652018276
21.0000000000,50.0000000000,0.3000295739,0.1887009569,0.5112694692,0.5702008046,0.3586227720,0.0711764235,0.4738176946
21.0000000000,51.0000000000,0.1779592180,0.1402169803,0.6818238018,0.5219871370,0.4112822080,0.0667306550,0.6590735569
21.0000000000,52.0000000000,0.1792924638,0.1468179286,0.6738896076,0.5105239148,0.4180547361,0.0714213491,0.6488069243
21.0000000000,53.0000000000,0.1968098372,0.1594055406,0.6437846222,0.5101346151,0.4131820098,0.0766833751,0.6142001907
21.0000000000,54.0000000000,0.2692908483,0.2030293711,0.5276797806,0.5197116499,0.3918318431,0.0884565070,0.4818456574
21.0000000000,55.0000000000,0.2755908762,0.2076922066,0.5167169172,0.5176171170,0.3900892609,0.0922936221,0.4675777381
21.0000000000,56.0000000000,0.2986887858,0.2137331787,0.4875780355,0.5272874516,0.3773118661,0.0954006823,0.4335370871
21.0000000000,57.0000000000,0.3659928342,0.2365923886,0.3974147772,0.5445679597,0.3520304833,0.1034015570,0.3279207347
21.0000000000,58.0000000000,0.4351142317,0.2463823518,0.3185034164,0.5673909137,0.3212836941,0.1113253922,0.2331314774
21.0000000000,61.0000000000,0.4961888653,0.2259667285,0.2778444063,0.5985232728,0.2725702960,0.1289064312,0.1709781594
21.0000000000,62.0000000000,0.4978858925,0.2321546994,0.2699594082,0.5830590856,0.2718693355,0.1450715790,0.1460798660
21.0000000000,63.0000000000,0.4496077146,0.2617805976,0.2886116878,0.5225258965,0.3042366423,0.1732374613,0.1395494125
21.0000000000,64.0000000000,0.3919630668,0.2996347126,0.3084022205,0.4506055532,0.3444637438,0.2049307029,0.1301415084
21.0000000000,65.0000000000,0.3692911477,0.3250614271,0.3056474252,0.4014903993,0.3534041988,0.2451054019,0.0801993066
21.0000000000,66.0000000000,0.3543717332,0.3228239807,0.3228042861,0.3685933292,0.3357795068,0.2956271639,0.0385834330
21.0000000000,67.0000000000,0.3244333562,0.3090188606,0.3665477832,0.3303526457,0.3146569125,0.3549904417,0.0179180934
21.0000000000,68.0000000000,0.2952652815,0.3017020118,0.4030327068,0.2987814842,0.3052948671,0.3959236488,0.0117684760
21.0000000000,69.0000000000,0.2673452831,0.3293890431,0.4032656738,0.2704545063,0.3332198347,0.3963256590,0.0114962892
21.0000000000,70.0000000000,0.2151951952,0.3642249645,0.4205798403,0.2177498432,0.3685487904,0.4137013664,0.0117320312
21.0000000000,71.0000000000,0.2082365015,0.3722564327,0.4195070657,0.2106548410,0.3765796057,0.4127655533,0.0114801038
22.0000000000,45.0000000000,0.3406897875,0.1764268272,0.4828833853,0.6163704537,0.3191885625,0.0644409839,0.4472645704
22.0000000000,46.0000000000,0.4192871407,0.2039940274,0.3767188319,0.6250532663,0.3041045641,0.0708421696,0.3291977447
22.0000000000,47.0000000000,0.3920972612,0.2203606836,0.3875420552,0.5916019572,0.3324833519,0.0759146909,0.3372279175
22.0000000000,48.0000000000,0.3497951720,0.2081162572,0.4420885707,0.5818162802,0.3461609431,0.0720227768,0.3987875830
22.0000000000,49.0000000000,0.3666190625,0.2101165299,0.4232644076,0.5901446554,0.3382234036,0.0716319410,0.3787640722
22.0000000000,50.0000000000,0.3138519238,0.2136014045,0.4725466718,0.5511653702,0.3751122368,0.0737223930,0.4305666852
22.0000000000,51.0000000000,0.2193377621,0.1757100547,0.6049521832,0.5167153772,0.4139373280,0.0693472948,0.5755153189
22.0000000000,52.0000000000,0.2030219513,0.1699566952,0.6270213535,0.5059904689,0.4235821169,0.0704274142,0.5987632895
22.0000000000,53.0000000000,0.2146946616,0.1785463280,0.6067590104,0.5055731552,0.4204493477,0.0739774971,0.5753440242
22.0000000000,54.0000000000,0.2866351427,0.2171607953,0.4962040620,0.5215183342,0.3951132270,0.0833684388,0.4503833827
22.0000000000,55.0000000000,0.3039428682,0.2256277326,0.4704293992,0.5244440464,0.3893136949,0.0862422587,0.4204474809
22.0000000000,56.0000000000,0.3166484212,0.2296759344,0.4536756444,0.5287235542,0.3835012846,0.0877751612,0.4011077836
22.0000000000,57.0000000000,0.3565963563,0.2465047199,0.3968989238,0.5362412024,0.3706879922,0.0930708054,0.3350075400
22.0000000000,58.0000000000,0.4187212159,0.2604517668,0.3208270174,0.5545278377,0.3449258112,0.1005463511,0.2449049671
22.0000000000,59.0000000000,0.4606385321,0.2564599351,0.2829015328,0.5744071310,0.3198004623,0.1057924067,0.1980626505
22.0000000000,61.0000000000,0.4850435460,0.2332481926,0.2817082614,0.5967061978,0.2869446327,0.1163491694,0.1871317111
22.0000000000,62.0000000000,0.5114966631,0.2332259149,0.2552774220,0.5938703471,0.2707856473,0.1353440056,0.1387065113
22.0000000000,63.0000000000,0.4634669469,0.2627914200,0.2737416331,0.5311141329,0.3011482008,0.1677376663,0.1273684540
22.0000000000,64.0000000000,0.4045563585,0.2966902581,0.2987533834,0.4631452212,0.3396576826,0.1971970962,0.1265021423
22.0000000000,66.0000000000,0.3501093574,0.3275117386,0.3223789040,0.3687353291,0.3449355070,0.2863291639,0.0505131194
22.0000000000,67.0000000000,0.3276248651,0.3097839697,0.3625911652,0.3351434906,0.3168931664,0.3479633430,0.0224340488
22.0000000000,68.0000000000,0.2992437900,0.3023698766,0.3983863333,0.3034878722,0.3066582951,0.3898538326,0.0139843552
22.0000000000,69.0000000000,0.2798065798,0.3145653437,0.4056280765,0.2832238275,0.3184070965,0.3983690760,0.0120655374
22.0000000000,70.0000000000,0.2366347136,0.3421684989,0.4211967875,0.2394641973,0.3462598690,0.4142759336,0.0118158947
22.0000000000,71.0000000000,0.2248054813,0.3501497787,0.4250447400,0.2274008120,0.3541921822,0.4184070058,0.0114130230
23.0000000000,45.0000000000,0.2940175380,0.1650286834,0.5409537786,0.6021140017,0.3379597070,0.0599262913,0.5116912460
23.0000000000,46.0000000000,0.4197082806,0.2152151611,0.3650765583,0.6137563859,0.3147178304,0.0715257837,0.3161647028
23.0000000000,47.0000000000,0.4202973174,0.2312799749,0.3484227077,0.5955648869,0.3277256989,0.0767094142,0.2942879497
23.0000000000,48.0000000000,0.4335661897,0.2232297790,0.3432040313,0.6116082846,0.3148981296,0.0734935858,0.2911047796
23.0000000000,49.0000000000,0.4189578698,0.2419585254,0.3390836048,0.5843458697,0.3374741833,0.0781799470,0.2830310069
23.0000000000,50.0000000000,0.2860318201,0.2127783422,0.5011898376,0.5323072411,0.3959820004,0.0717107585,0.4626565298
23.0000000000,51.0000000000,0.2359032566,0.1945219038,0.5695748395,0.5097726079,0.4203500182,0.0698773739,0.5372382647
23.0000000000,52.0000000000,0.2403773502,0.2009829223,0.5586397275,0.5056866024,0.4228117626,0.0715016350,0.5246515351
23.0000000000,53.0000000000,0.2624096815,0.2141472551,0.5234430634,0.5096295253,0.4158983895,0.0744720852,0.4850971764
23.0000000000,54.0000000000,0.3138122325,0.2412025358,0.4449852317,0.5198845489,0.3995939563,0.0805214948,0.3963809212
23.0000000000,55.0000000000,0.3098182786,0.2405473292,0.4496343922,0.5176021119,0.4018736603,0.0805242278,0.4014354435
23.0000000000,56.0000000000,0.3065871635,0.2419718911,0.4514409455,0.5140149351,0.4056828880,0.0803021769,0.4035442503
23.0000000000,57.0000000000,0.3253643917,0.2541356306,0.4204999776,0.5146525651,0.4019848438,0.0833625911,0.3677979791
23.0000000000,58.0000000000,0.3806693594,0.2739075520,0.3454230886,0.5293021742,0.3808550891,0.0898427367,0.2808090011
23.0000000000,59.0000000000,0.4201735093,0.2789145081,0.3009119826,0.5429338874,0.3604038208,0.0966622917,0.2261055738
23.0000000000,60.0000000000,0.4423547966,0.2669480666,0.2906971368,0.5606749163,0.3383507675,0.1009743162,0.2110315912
23.0000000000,61.0000000000,0.4675912168,0.2551701386,0.2772386446,0.5755474325,0.3140831411,0.1103694264,0.1875713618
23.0000000000,62.0000000000,0.5026468512,0.2529991174,0.2443540315,0.5774016239,0.2906257164,0.1319726598,0.1294675484
23.0000000000,63.0000000000,0.4820573148,0.2694806059,0.2484620793,0.5354733310,0.2993413299,0.1651853392,0.0997547648
23.0000000000,64.0000000000,0.4202254007,0.2992189726,0.2805556267,0.4688669345,0.3338538846,0.1972791809,0.1037427258
23.0000000000,65.0000000000,0.3706527727,0.3250716247,0.3042756026,0.4099304210,0.3595190911,0.2305504879,0.0958154026
23.0000000000,66.0000000000,0.3542458959,0.3279324366,0.3178216674,0.3754579794,0.3475688821,0.2769731384,0.0564965579
23.0000000000,67.0000000000,0.3336869276,0.3120833736,0.3542296988,0.3425754306,0.3203964173,0.3370281522,0.0259461193
23.0000000000,68.0000000000,0.3118491268,0.2998860449,0.3882648284,0.3166491539,0.3045019345,0.3788489116,0.0151588188
23.0000000000,69.0000000000,0.2901190204,0.3055387012,0.4043422783,0.2936734600,0.3092820575,0.3970444825,0.0121033736
23.0000000000,70.0000000000,0.2552730862,0.3266930544,0.4180338593,0.2582991596,0.3305657586,0.4111350818,0.0117153822
23.0000000000,71.0000000000,0.2400594620,0.3362060194,0.4237345186,0.2429022531,0.3401873809,0.4169103660,0.0117034366
24.0000000000,45.0000000000,0.2330017429,0.1522740079,0.6147242492,0.5696559899,0.3722882055,0.0580558046,0.5909781570
24.0000000000,46.0000000000,0.3742736747,0.2246857491,0.4010405762,0.5797128063,0.3480159438,0.0722712498,0.3543808751
24.0000000000,47.0000000000,0.4479409109,0.2217766519,0.3302824372,0.6210148024,0.3074659633,0.0715192343,0.2786952756
24.0000000000,48.0000000000,0.4740914276,0.2381040190,0.2878045534,0.6144831883,0.3086132932,0.0769035185,0.2284712803
24.0000000000,49.0000000000,0.3817801181,0.2509352204,0.3672846615,0.5565723434,0.3658220978,0.0776055588,0.3140512234
24.0000000000,50.0000000000,0.2588388496,0.2087426716,0.5324184788,0.5154168974,0.4156621016,0.0689210010,0.4978068223
24.0000000000,51.0000000000,0.2573828275,0.2135263128,0.5290908598,0.5083198868,0.4217051783,0.0699749349,0.4936597325
24.0000000000,52.0000000000,0.2954492945,0.2369614575,0.4675892479,0.5138871036,0.4121568043,0.0739560921,0.4250696457
24.0000000000,53.0000000000,0.3134130745,0.2476819785,0.4389049470,0.5161147423,0.4078716905,0.0760135673,0.3927453552
24.0000000000,54.0000000000,0.3352152095,0.2585863161,0.4061984744,0.5206564935,0.4016364436,0.0777070629,0.3561681959
24.0000000000,55.0000000000,0.3151173291,0.2541205594,0.4307621115,0.5116288863,0.4125936812,0.0757774325,0.3840900357
24.0000000000,56.0000000000,0.3040010797,0.2521842048,0.4438147155,0.5059821547,0.4197376780,0.0742801673,0.3991861631
24.0000000000,57.0000000000,0.3182401185,0.2639938968,0.4177659848,0.5054238974,0.4192709103,0.0753051923,0.3703500762
24.0000000000,58.0000000000,0.3741071463,0.2915611726,0.3343316811,0.5157232421,0.4019299677,0.0823467902,0.2745970789
24.0000000000,59.0000000000,0.3971578093,0.3054044018,0.2974377889,0.5149091939,0.3959522655,0.0891385406,0.2286837874
24.0000000000,60.0000000000,0.4032258002,0.2923330390,0.3044411607,0.5256643389,0.3810992591,0.0932364019,0.2329215236
24.0000000000,61.0000000000,0.4449992380,0.2808129389,0.2741878231,0.5491080225,0.3465098912,0.1043820862,0.1895961819
24.0000000000,62.0000000000,0.4965369450,0.2750362624,0.2284267927,0.5609279084,0.3107029939,0.1283690977,0.1147936526
24.0000000000,63.0000000000,0.4893993669,0.2812191704,0.2293814627,0.5320713878,0.3057394112,0.1621892010,0.0801998037
24.0000000000,64.0000000000,0.4341041651,0.3045862918,0.2613095430,0.4722585894,0.3313570892,0.1963843214,0.0807913824
24.0000000000,65.0000000000,0.3817501192,0.3253448888,0.2929049920,0.4157059237,0.3542835764,0.2300104999,0.0816822724
24.0000000000,66.0000000000,0.3589604209,0.3289923101,0.3120472690,0.3806766250,0.3488955187,0.2704278564,0.0570463292
24.0000000000,67.0000000000,0.3424013908,0.3127503788,0.3448482304,0.3520139418,0.3215305095,0.3264555487,0.0273073019
24.0000000000,68.0000000000,0.3271637282,0.2952678512,0.3775684205,0.3320282800,0.2996581476,0.3683135724,0.0146510163
24.0000000000,69.0000000000,0.3062681139,0.2987546633,0.3949772229,0.3098701939,0.3022683762,0.3878614299,0.0116244806
24.0000000000,70.0000000000,0.2776539996,0.3171588979,0.4051871025,0.2808268261,0.3207831575,0.3983900164,0.0112981604
24.0000000000,71.0000000000,0.2549348476,0.3313651913,0.4136999612,0.2579642404,0.3353028065,0.4067329531,0.0117434603
25.0000000000,45.0000000000,0.2075255634,0.1476831749,0.6447912616,0.5506337600,0.3918521678,0.0575140721,0.6231150749
25.0000000000,46.0000000000,0.3805732822,0.2105997297,0.4088269880,0.6007867589,0.3324603565,0.0667528846,0.3665418278
25.0000000000,47.0000000000,0.4470410655,0.2263997205,0.3265592140,0.6164518952,0.3121962333,0.0713518715,0.2748159767
25.0000000000,48.0000000000,0.4001649124,0.2557246045,0.3441104830,0.5621312697,0.3592288883,0.0786398420,0.2881290652
25.0000000000,49.0000000000,0.2736720183,0.2135898374,0.5127381442,0.5232897401,0.4084062783,0.0683039816,0.4770162734
25.0000000000,50.0000000000,0.2351394362,0.2014140212,0.5634465426,0.5028634763,0.4307391245,0.0663973993,0.5323990561
25.0000000000,51.0000000000,0.2891920813,0.2364448734,0.4743630453,0.5109922142,0.4177897572,0.0712180286,0.4340577543
25.0000000000,52.0000000000,0.3426347784,0.2645355689,0.3928296527,0.5213785311,0.4025369725,0.0760844964,0.3428291387
25.0000000000,53.0000000000,0.3516939981,0.2691856343,0.3791203676,0.5236376035,0.4007908045,0.0755715919,0.3283637467
25.0000000000,54.0000000000,0.3495317598,0.2701031000,0.3803651402,0.5222786252,0.4035944426,0.0741269323,0.3307561464
25.0000000000,55.0000000000,0.3247971982,0.2633309984,0.4118718034,0.5132452058,0.4161161895,0.0706386047,0.3671695429
25.0000000000,56.0000000000,0.3127668221,0.2605523322,0.4266808457,0.5081494336,0.4233170231,0.0685335433,0.3844983357
25.0000000000,57.0000000000,0.3411143966,0.2785281096,0.3803574938,0.5118023389,0.4178989200,0.0702987411,0.3335036386
25.0000000000,58.0000000000,0.3812667792,0.3041869919,0.3145462289,0.5138678252,0.4099804035,0.0761517714,0.2580450448
25.0000000000,59.0000000000,0.3970880918,0.3164402644,0.2864716437,0.5112948102,0.4074518180,0.0812533718,0.2233676464
25.0000000000,60.0000000000,0.3982976572,0.3125281612,0.2891741816,0.5123744533,0.4020396375,0.0855859092,0.2226434113
25.0000000000,61.0000000000,0.4282515588,0.3034005453,0.2683478959,0.5293279907,0.3750094955,0.0956625138,0.1909523655
25.0000000000,62.0000000000,0.4814769589,0.3013590221,0.2171640190,0.5411990408,0.3387393948,0.1200615644,0.1103514186
25.0000000000,63.0000000000,0.4786880916,0.3011381573,0.2201737511,0.5182241517,0.3260099193,0.1557659290,0.0762914271
25.0000000000,64.0000000000,0.4365741123,0.3127948807,0.2506310069,0.4690514618,0.3360641227,0.1948844155,0.0692404824
25.0000000000,65.0000000000,0.3898147365,0.3263633228,0.2838219408,0.4183940570,0.3502906943,0.2313152487,0.0683071857
25.0000000000,66.0000000000,0.3688480905,0.3240581009,0.3070938086,0.3873664243,0.3403277150,0.2723058607,0.0478057278
25.0000000000,67.0000000000,0.3508963789,0.3090388129,0.3400648082,0.3598761682,0.3169474252,0.3231764066,0.0249524422
25.0000000000,68.0000000000,0.3354176959,0.2925785431,0.3720037610,0.3399876696,0.2965648452,0.3634474851,0.0134415868
25.0000000000,69.0000000000,0.3160472348,0.2971430993,0.3868096659,0.3194981694,0.3003876189,0.3801142117,0.0108011094
25.0000000000,70.0000000000,0.2899207022,0.3145685446,0.3955107532,0.2930544673,0.3179687293,0.3889768034,0.0106934562
25.0000000000,71.0000000000,0.2675310204,0.3300044247,0.4024645549,0.2706084356,0.3338004729,0.3955910915,0.0113722072
26.0000000000,45.0000000000,0.1617936206,0.1378183284,0.7003880510,0.5088128251,0.4334146967,0.0577724782,0.6820174087
26.0000000000,46.0000000000,0.3009805794,0.2054342445,0.4935851761,0.5544581889,0.3784453449,0.0670964662,0.4571627124
26.0000000000,47.0000000000,0.3247255583,0.2348250769,0.4404493647,0.5378285581,0.3889303730,0.0732410689,0.3962284943
26.0000000000,48.0000000000,0.2486720003,0.2080493038,0.5432786960,0.5073292766,0.4244527034,0.0682180199,0.5098410210
26.0000000000,49.0000000000,0.1827464260,0.1669536683,0.6502999057,0.4905994145,0.4482023188,0.0611982667,0.6275037829
26.0000000000,50.0000000000,0.2343194343,0.2066218373,0.5590587284,0.4965779688,0.4378802491,0.0655417821,0.5281316349
26.0000000000,51.0000000000,0.3248014935,0.2603395917,0.4148589147,0.5141203396,0.4120851720,0.0737944884,0.3682383899
26.0000000000,52.0000000000,0.3642233794,0.2790640840,0.3567125366,0.5226676853,0.4004624280,0.0768698867,0.3031454027
26.0000000000,53.0000000000,0.3516443501,0.2740831821,0.3742724679,0.5207676550,0.4059034532,0.0733288917,0.3247576982
26.0000000000,54.0000000000,0.3439825411,0.2737066237,0.3823108351,0.5176959344,0.4119302272,0.0703738384,0.3355510092
26.0000000000,55.0000000000,0.3393925647,0.2751745379,0.3854328974,0.5146826209,0.4172971570,0.0680202221,0.3405789297
26.0000000000,56.0000000000,0.3244276618,0.2714230629,0.4041492754,0.5090378058,0.4258718249,0.0650903693,0.3626648982
26.0000000000,57.0000000000,0.3562985363,0.2888401290,0.3548613347,0.5157878812,0.4181331747,0.0660789441,0.3092149907
26.0000000000,58.0000000000,0.3763574231,0.3078493363,0.3157932406,0.5119773156,0.4187824317,0.0692402528,0.2648943389
26.0000000000,59.0000000000,0.3828684569,0.3196972945,0.2974342486,0.5054832836,0.4220813578,0.0724353586,0.2425694986
26.0000000000,60.0000000000,0.3936106029,0.3210063761,0.2853830209,0.5081299910,0.4144018626,0.0774681464,0.2253741957
26.0000000000,61.0000000000,0.4239809273,0.3187728758,0.2572461970,0.5205326738,0.3913659476,0.0881013786,0.1854864284
26.0000000000,62.0000000000,0.4731570078,0.3179411400,0.2089018522,0.5303228820,0.3563541465,0.1133229715,0.1077944704
26.0000000000,63.0000000000,0.4696919461,0.3163941493,0.2139139046,0.5077531365,0.3420329496,0.1502139139,0.0749600302
26.0000000000,64.0000000000,0.4371497511,0.3196144403,0.2432358086,0.4664323242,0.3410238845,0.1925437912,0.0627798967
26.0000000000,65.0000000000,0.4044921978,0.3193446329,0.2761631693,0.4257632810,0.3361380502,0.2380986688,0.0499598819
26.0000000000,66.0000000000,0.3829841068,0.3085941705,0.3084217227,0.3957638332,0.3188915927,0.2853445741,0.0322912941
26.0000000000,67.0000000000,0.3627284878,0.2937119643,0.3435595479,0.3694976741,0.2991931743,0.3313091516,0.0183199700
26.0000000000,68.0000000000,0.3446850141,0.2869556832,0.3683593026,0.3488263722,0.2904034288,0.3607701990,0.0118722619
26.0000000000,69.0000000000,0.3317196310,0.2963612461,0.3719191229,0.3352383036,0.2995048592,0.3652568372,0.0104960337
26.0000000000,70.0000000000,0.3046634323,0.3204817093,0.3748548584,0.3080510278,0.3240451904,0.3679037818,0.0109968647
26.0000000000,71.0000000000,0.2770417865,0.3356961426,0.3872620708,0.2802308312,0.3395603611,0.3802088078,0.0113800634
27.0000000000,45.0000000000,0.1392068711,0.1447576075,0.7160355214,0.4601647067,0.4785133198,0.0613219735,0.6974846853
27.0000000000,46.0000000000,0.1793504521,0.1682682577,0.6523812902,0.4829903472,0.4531460236,0.0638636292,0.6286665910
27.0000000000,47.0000000000,0.1957348232,0.1827741788,0.6214909980,0.4832647656,0.4512652335,0.0654700010,0.5949739416
27.0000000000,48.0000000000,0.1575613485,0.1543283469,0.6881103046,0.4748230496,0.4650801544,0.0600967960,0.6681682815
27.0000000000,49.0000000000,0.1609377217,0.1555095631,0.6835527152,0.4786793811,0.4625343307,0.0587862882,0.6637880634
27.0000000000,50.0000000000,0.2489258267,0.2182823235,0.5327918498,0.4974173432,0.4361838016,0.0663988552,0.4995634347
27.0000000000,51.0000000000,0.3488334402,0.2743089054,0.3768576544,0.5178437591,0.4072119767,0.0749442642,0.3263731887
27.0000000000,52.0000000000,0.3773764721,0.2891581454,0.3334653824,0.5229747599,0.4007202962,0.0763049439,0.2784040434
27.0000000000,53.0000000000,0.3365877117,0.2724946443,0.3909176440,0.5142443598,0.4163218948,0.0694337454,0.3454712623
27.0000000000,54.0000000000,0.3371544092,0.2743668941,0.3884786967,0.5145847392,0.4187547688,0.0666604919,0.3448029382
27.0000000000,55.0000000000,0.3432519819,0.2813347665,0.3754132516,0.5138425175,0.4211534742,0.0650040083,0.3319899187
27.0000000000,56.0000000000,0.3296690617,0.2773749490,0.3929559894,0.5095870288,0.4287532333,0.0616597379,0.3530662222
27.0000000000,57.0000000000,0.3461636039,0.2894314725,0.3644049236,0.5112667650,0.4274761730,0.0612570620,0.3229295788
27.0000000000,58.0000000000,0.3369450702,0.2945291637,0.3685257661,0.5011105766,0.4380289018,0.0608605216,0.3276033556
27.0000000000,59.0000000000,0.3513532230,0.3114511683,0.3371956087,0.4960589513,0.4397231329,0.0642179159,0.2917107492
27.0000000000,60.0000000000,0.3814145722,0.3240903246,0.2944951032,0.5021075204,0.4266438703,0.0712486093,0.2403727157
27.0000000000,61.0000000000,0.4159381381,0.3294558359,0.2546060260,0.5109209015,0.4046896816,0.0843894168,0.1859050259
27.0000000000,62.0000000000,0.4474704481,0.3342601540,0.2182693979,0.5098191438,0.3808345920,0.1093462642,0.1222957131
27.0000000000,63.0000000000,0.4493867609,0.3327275322,0.2178857069,0.4907911006,0.3633834504,0.1458254490,0.0843624501
27.0000000000,64.0000000000,0.4310096910,0.3281143462,0.2408759628,0.4596675128,0.3499306596,0.1904018277,0.0623446752
27.0000000000,65.0000000000,0.4104538736,0.3125417861,0.2770043403,0.4274182075,0.3254593478,0.2471224447,0.0396902463
27.0000000000,66.0000000000,0.3870640874,0.2932865600,0.3196493527,0.3963860618,0.3003500151,0.3032639231,0.0235174122
27.0000000000,67.0000000000,0.3650385691,0.2810704375,0.3538909934,0.3704469499,0.2852347535,0.3443182966,0.0145996095
27.0000000000,68.0000000000,0.3489416462,0.2872204544,0.3638378994,0.3530728952,0.2906209634,0.3563061414,0.0117008387
27.0000000000,69.0000000000,0.3362934082,0.3076519563,0.3560546355,0.3402567201,0.3112777207,0.3484655592,0.0116480048
27.0000000000,70.0000000000,0.3233100466,0.3291685886,0.3475213647,0.3273009230,0.3332317817,0.3394672952,0.0121932940
27.0000000000,71.0000000000,0.2878003388,0.3415056977,0.3706939636,0.2912441594,0.3455921570,0.3631636836,0.0118245140
28.0000000000,45.0000000000,0.1750510581,0.1740461153,0.6509028266,0.4686435495,0.4659531346,0.0654033158,0.6264729168
28.0000000000,46.0000000000,0.1861999356,0.1793431615,0.6344569030,0.4758256469,0.4583034658,0.0658708873,0.6086803291
28.0000000000,47.0000000000,0.1647907129,0.1627224351,0.6724868520,0.4716158530,0.4656966324,0.0626875147,0.6505827532
28.0000000000,48.0000000000,0.1547574126,0.1535093698,0.6917332176,0.4722056271,0.4683975197,0.0593968533,0.6722669029
28.0000000000,49.0000000000,0.1712878727,0.1663463920,0.6623657352,0.4770741760,0.4633110718,0.0596147522,0.6409617595
28.0000000000,50.0000000000,0.2634682855,0.2308946354,0.5056370792,0.4969063150,0.4354717768,0.0676219082,0.4697827789
28.0000000000,51.0000000000,0.3462319695,0.2751522759,0.3786157546,0.5162198289,0.4102424770,0.0735376941,0.3292935488
28.0000000000,52.0000000000,0.3655215543,0.2874518973,0.3470265484,0.5184069105,0.4076833451,0.0739097443,0.2949138083
28.0000000000,53.0000000000,0.3382730025,0.2775179706,0.3842090269,0.5116682072,0.4197707812,0.0685610116,0.3388821160
28.0000000000,54.0000000000,0.3515535836,0.2845327057,0.3639137107,0.5160776680,0.4176915899,0.0662307421,0.3187971398
28.0000000000,55.0000000000,0.3519711656,0.2876716260,0.3603572084,0.5155445551,0.4213627562,0.0630926887,0.3172827409
28.0000000000,56.0000000000,0.3324054987,0.2816884565,0.3859060448,0.5094361047,0.4317084722,0.0588554231,0.3475030614
28.0000000000,57.0000000000,0.3294382775,0.2865179940,0.3840437285,0.5042061500,0.4385165432,0.0572773068,0.3466198746
28.0000000000,58.0000000000,0.3161658555,0.2839886156,0.3998455289,0.4973598419,0.4467418936,0.0558982645,0.3643116536
28.0000000000,59.0000000000,0.3491776755,0.3098340769,0.3409882476,0.4976886386,0.4416115655,0.0606997959,0.2984013529
28.0000000000,60.0000000000,0.3687890760,0.3243768689,0.3068340551,0.4959161961,0.4361944358,0.0678893681,0.2563479900
28.0000000000,61.0000000000,0.3922773358,0.3345683914,0.2731542728,0.4960795221,0.4230999667,0.0808205112,0.2092450539
28.0000000000,62.0000000000,0.4256473854,0.3463430972,0.2280095174,0.4933011010,0.4013919433,0.1053069558,0.1371448705
28.0000000000,63.0000000000,0.4381971876,0.3432669442,0.2185358682,0.4797902163,0.3758493347,0.1443604490,0.0866900311
28.0000000000,64.0000000000,0.4281266752,0.3309679328,0.2409053920,0.4531547151,0.3503161283,0.1965291566,0.0552306730
28.0000000000,65.0000000000,0.4129220590,0.3033618995,0.2837160415,0.4264516675,0.3133017118,0.2602466207,0.0317260069
28.0000000000,66.0000000000,0.3882095163,0.2766514597,0.3351390240,0.3953475793,0.2817382891,0.3229141316,0.0180551581
28.0000000000,67.0000000000,0.3648966828,0.2689819014,0.3661214158,0.3695615463,0.2724205840,0.3580178697,0.0126226972
28.0000000000,68.0000000000,0.3528708502,0.2834382676,0.3636908822,0.3570179424,0.2867693579,0.3562126997,0.0116159211
28.0000000000,69.0000000000,0.3418496989,0.3117385133,0.3464117878,0.3461584900,0.3156677727,0.3381737373,0.0124474517
28.0000000000,70.0000000000,0.3338313752,0.3346211210,0.3315475038,0.3381689557,0.3389689630,0.3228620813,0.0128266668
28.0000000000,71.0000000000,0.3089579924,0.3459539870,0.3450880206,0.3127539219,0.3502044579,0.3370416202,0.0121371125
29.0000000000,46.0000000000,0.2374579490,0.2143847902,0.5481572608,0.4879966780,0.4405793357,0.0714239864,0.5134025297
29.0000000000,47.0000000000,0.1780947297,0.1735790061,0.6483262641,0.4738840775,0.4618683963,0.0642475262,0.6241808109
29.0000000000,48.0000000000,0.1739214329,0.1690839162,0.6569946510,0.4760204591,0.4627802454,0.0611992955,0.6346345424
29.0000000000,49.0000000000,0.1989705677,0.1882651374,0.6127642948,0.4816820094,0.4557655472,0.0625524434,0.5869254739
29.0000000000,50.0000000000,0.2688616225,0.2364937350,0.4946446426,0.4955895301,0.4359261761,0.0684842938,0.4574913187
29.0000000000,51.0000000000,0.3319379586,0.2721686234,0.3958934180,0.5094436722,0.4177123446,0.0728439832,0.3484305003
29.0000000000,52.0000000000,0.3390701574,0.2766564805,0.3842733621,0.5118095420,0.4175992004,0.0705912576,0.3375071593
29.0000000000,53.0000000000,0.3316861210,0.2746935962,0.3936202828,0.5105197168,0.4227988090,0.0666814742,0.3502971382
29.0000000000,54.0000000000,0.3468351246,0.2831727909,0.3699920845,0.5152016714,0.4206352955,0.0641630330,0.3267973613
29.0000000000,55.0000000000,0.3457510711,0.2852542478,0.3689946811,0.5145530094,0.4245205406,0.0609264499,0.3280554874
29.0000000000,56.0000000000,0.3432366101,0.2842084941,0.3725548958,0.5155739252,0.4269080996,0.0575179752,0.3342630547
29.0000000000,57.0000000000,0.3512737572,0.2960171080,0.3527091347,0.5115630049,0.4310922697,0.0573447254,0.3133323679
29.0000000000,58.0000000000,0.3514311129,0.3022392855,0.3463296016,0.5069695035,0.4360060759,0.0570244206,0.3068002897
29.0000000000,59.0000000000,0.3724448666,0.3157872500,0.3117678834,0.5083348373,0.4310051629,0.0606599998,0.2673237418
29.0000000000,60.0000000000,0.3536042065,0.3213468917,0.3250489019,0.4895501817,0.4448912833,0.0655585350,0.2776956895
29.0000000000,61.0000000000,0.3692640800,0.3341443056,0.2965916144,0.4840044204,0.4379719818,0.0780235978,0.2370646538
29.0000000000,62.0000000000,0.4146799808,0.3493633955,0.2359566237,0.4862717427,0.4096786800,0.1040495773,0.1472258320
29.0000000000,63.0000000000,0.4313762499,0.3478512924,0.2207724578,0.4736685203,0.3819547483,0.1443767314,0.0892866396
29.0000000000,64.0000000000,0.4256105682,0.3316180449,0.2427713869,0.4485905471,0.3495230883,0.2018863646,0.0512270690
29.0000000000,65.0000000000,0.4107954611,0.2979150081,0.2912895308,0.4226138134,0.3064858538,0.2709003328,0.0279648982
29.0000000000,66.0000000000,0.3864650204,0.2660880961,0.3474468835,0.3928094879,0.2704563757,0.3367341364,0.0161515128
29.0000000000,67.0000000000,0.3650117769,0.2630217468,0.3719664763,0.3694365335,0.2662101568,0.3643533097,0.0119770411
29.0000000000,68.0000000000,0.3505228791,0.2840021627,0.3654749582,0.3546754688,0.2873666918,0.3579578394,0.0117081390
29.0000000000,69.0000000000,0.3424043539,0.3125164785,0.3450791677,0.3467676114,0.3164988749,0.3367335137,0.0125826559
29.0000000000,70.0000000000,0.3351190466,0.3365230114,0.3283579420,0.3395510295,0.3409735619,0.3194754086,0.0130524797
29.0000000000,71.0000000000,0.3191711275,0.3489822661,0.3318466063,0.3231135032,0.3532928666,0.3235936302,0.0122012100
