Lon,Lat,LCC_all_BC4000_C,LCC_all_BC4000_B,LCC_all_BC4000_U,NLC_all_BC4000_C,NLC_all_BC4000_B,NLC_all_BC4000_O,HLU_all_BC4000
-10.0000000000,52.0000000000,0.0663042106,0.4642060174,0.4694897720,0.0690918465,0.4837226873,0.4471854662,0.0403468151
-10.0000000000,53.0000000000,0.0677027481,0.4789225005,0.4533747514,0.0706835666,0.5000085138,0.4293079196,0.0421713085
-10.0000000000,54.0000000000,0.0668864213,0.4730807188,0.4600328599,0.0694365506,0.4911175188,0.4394459307,0.0367260366
-10.0000000000,55.0000000000,0.0678865775,0.4583546310,0.4737587915,0.0697364495,0.4708445435,0.4594190069,0.0265266163
-9.0000000000,52.0000000000,0.0647150775,0.4911659578,0.4441189647,0.0675990887,0.5130546452,0.4193462661,0.0426634622
-9.0000000000,53.0000000000,0.0629131308,0.4935166072,0.4435702620,0.0660203107,0.5178906105,0.4160890788,0.0470639992
-9.0000000000,54.0000000000,0.0633703622,0.4923022880,0.4443273498,0.0660984114,0.5134955527,0.4204060359,0.0412725379
-9.0000000000,55.0000000000,0.0645013663,0.4770806012,0.4584180325,0.0665522338,0.4922497227,0.4411980435,0.0308159067
-8.0000000000,53.0000000000,0.0584404862,0.5123421033,0.4292174105,0.0613104263,0.5375025913,0.4011869823,0.0468099847
-8.0000000000,54.0000000000,0.0591543155,0.5222720628,0.4185736217,0.0618864937,0.5463943992,0.3917191071,0.0441482132
-8.0000000000,55.0000000000,0.0596905408,0.5155284251,0.4247810341,0.0619783774,0.5352877503,0.4027338723,0.0369134641
-8.0000000000,56.0000000000,0.0604763870,0.4846811405,0.4548424725,0.0624830523,0.5007633321,0.4367536156,0.0321153538
-7.0000000000,53.0000000000,0.0556387254,0.5157572722,0.4286040024,0.0578943424,0.5366662854,0.4054393722,0.0389609219
-7.0000000000,54.0000000000,0.0540447411,0.5323034355,0.4136518234,0.0565011119,0.5564969936,0.3870018946,0.0434747327
-7.0000000000,55.0000000000,0.0539849985,0.5449843139,0.4010306876,0.0564102615,0.5694676019,0.3741221366,0.0429932939
-7.0000000000,56.0000000000,0.0547957409,0.5240974791,0.4211067800,0.0571433652,0.5465514862,0.3963051486,0.0410830592
-7.0000000000,58.0000000000,0.0583481332,0.4772203146,0.4644315522,0.0605394608,0.4951428426,0.4443176965,0.0361966821
-7.0000000000,59.0000000000,0.0579038393,0.4474539690,0.4946421917,0.0599488120,0.4632565683,0.4767946197,0.0341119811
-6.0000000000,51.0000000000,0.0536098928,0.4073772105,0.5390128967,0.0547591751,0.4161105130,0.5291303119,0.0209879400
-6.0000000000,55.0000000000,0.0492652368,0.5517718462,0.3989629170,0.0514275003,0.5759892494,0.3725832503,0.0420448876
-6.0000000000,56.0000000000,0.0506327822,0.5531493777,0.3962178401,0.0530517725,0.5795761895,0.3673720380,0.0455967865
-6.0000000000,57.0000000000,0.0523232288,0.5242181799,0.4234585912,0.0547186259,0.5482172862,0.3970640879,0.0437766317
-6.0000000000,58.0000000000,0.0525239333,0.4921635582,0.4553125085,0.0547630583,0.5131447697,0.4320921720,0.0408875091
-6.0000000000,59.0000000000,0.0536046204,0.4936787497,0.4527166299,0.0557323006,0.5132738981,0.4309938014,0.0381767872
-5.0000000000,49.0000000000,0.0537929303,0.4207400635,0.5254670062,0.0550984379,0.4309510582,0.5139505039,0.0236940937
-5.0000000000,51.0000000000,0.0519679526,0.4156221052,0.5324099422,0.0528861026,0.4229651580,0.5241487394,0.0173608929
-5.0000000000,52.0000000000,0.0515036219,0.4353996985,0.5130966796,0.0523686919,0.4427127997,0.5049185084,0.0165188384
-5.0000000000,53.0000000000,0.0496111075,0.4648545209,0.4855343716,0.0505371142,0.4735311740,0.4759317119,0.0183232986
-5.0000000000,54.0000000000,0.0478328696,0.5113421606,0.4408249698,0.0489930315,0.5237445040,0.4272624645,0.0236801405
-5.0000000000,55.0000000000,0.0461749628,0.5465818563,0.4072431809,0.0478268879,0.5661360092,0.3860371029,0.0345396735
-5.0000000000,56.0000000000,0.0468049900,0.5664281587,0.3867668513,0.0488784244,0.5915206039,0.3596009717,0.0424202387
-5.0000000000,57.0000000000,0.1674729015,0.4648182946,0.3677088039,0.1749724478,0.4856331623,0.3393943900,0.0428612980
-5.0000000000,58.0000000000,0.0486062720,0.4979594141,0.4534343139,0.0506640951,0.5190413095,0.4302945954,0.0406169895
-5.0000000000,59.0000000000,0.0487810539,0.4777002721,0.4735186741,0.0507020118,0.4965117173,0.4527862709,0.0378872131
-4.0000000000,48.0000000000,0.0546737643,0.4216254308,0.5237008049,0.0560858460,0.4325149237,0.5113992303,0.0251771495
-4.0000000000,49.0000000000,0.0519168587,0.4462794452,0.5018036960,0.0532874992,0.4580615270,0.4886509738,0.0257216138
-4.0000000000,51.0000000000,0.0501527119,0.4393405836,0.5105067045,0.0510073425,0.4468271956,0.5021654619,0.0167550500
-4.0000000000,52.0000000000,0.0498114019,0.4458119653,0.5043766328,0.0505296079,0.4522399082,0.4972304839,0.0142135684
-4.0000000000,53.0000000000,0.0462479943,0.4627432928,0.4910087130,0.0469490791,0.4697581339,0.4832927869,0.0149328785
-4.0000000000,54.0000000000,0.0449736588,0.4978063569,0.4572199843,0.0457707355,0.5066290734,0.4476001911,0.0174145483
-4.0000000000,55.0000000000,0.0441628940,0.5387652946,0.4170718114,0.0452204305,0.5516667130,0.4031128565,0.0233862550
-4.0000000000,56.0000000000,0.0424787507,0.5729492096,0.3845720397,0.0440631328,0.5943191992,0.3616176680,0.0359570912
-4.0000000000,57.0000000000,0.0422220113,0.5731441954,0.3846337933,0.0441480208,0.5992888800,0.3565630991,0.0436261801
-4.0000000000,58.0000000000,0.0426857512,0.5465695701,0.4107446787,0.0445936409,0.5709991379,0.3844072212,0.0427838961
-4.0000000000,59.0000000000,0.0449961265,0.5129304697,0.4420734038,0.0467249192,0.5326377308,0.4206373501,0.0369993712
-3.0000000000,48.0000000000,0.0543214528,0.4684944109,0.4771841363,0.0558473603,0.4816545733,0.4624980664,0.0273228224
-3.0000000000,49.0000000000,0.0511033911,0.4892110741,0.4596855348,0.0526032818,0.5035694780,0.4438272402,0.0285132529
-3.0000000000,51.0000000000,0.0465270023,0.4806562071,0.4728167906,0.0474399743,0.4900878411,0.4624721846,0.0192447827
-3.0000000000,52.0000000000,0.0447554921,0.4855707899,0.4696737179,0.0455048914,0.4937013314,0.4607937772,0.0164685428
-3.0000000000,53.0000000000,0.0431586192,0.4956056272,0.4612357536,0.0438149326,0.5031423052,0.4530427623,0.0149792174
-3.0000000000,54.0000000000,0.0429090204,0.5102453745,0.4468456051,0.0435496577,0.5178634057,0.4385869365,0.0147105031
-3.0000000000,55.0000000000,0.0403123973,0.5365233832,0.4231642196,0.0410785754,0.5467205565,0.4122008681,0.0186515272
-3.0000000000,56.0000000000,0.0372443105,0.5833250485,0.3794306410,0.0384118831,0.6016117160,0.3599764009,0.0303961293
-3.0000000000,57.0000000000,0.0361970332,0.6024250226,0.3613779442,0.0377518866,0.6283023535,0.3339457599,0.0411861117
-3.0000000000,58.0000000000,0.0374933783,0.5895906901,0.3729159316,0.0391720267,0.6159877635,0.3448402098,0.0428532432
-2.0000000000,45.0000000000,0.0613598769,0.4074591876,0.5311809355,0.0624468090,0.4146769410,0.5228762500,0.0174057266
-2.0000000000,47.0000000000,0.0582627595,0.4668013979,0.4749358425,0.0597444088,0.4786723758,0.4615832154,0.0247997972
-2.0000000000,48.0000000000,0.0544904263,0.4871350179,0.4583745558,0.0560927113,0.5014591693,0.4424481194,0.0285649406
-2.0000000000,49.0000000000,0.0495813432,0.4992850229,0.4511336338,0.0511389048,0.5149696964,0.4338913988,0.0304574688
-2.0000000000,50.0000000000,0.0457631532,0.5065724897,0.4476643571,0.0470460545,0.5207734886,0.4321804569,0.0272690513
-2.0000000000,51.0000000000,0.0433712879,0.5165692393,0.4400594728,0.0443340739,0.5280364025,0.4276295236,0.0217166148
-2.0000000000,52.0000000000,0.0412358764,0.5237845579,0.4349795658,0.0420188343,0.5337298121,0.4242513537,0.0186334995
-2.0000000000,53.0000000000,0.0393954815,0.5337936034,0.4268109151,0.0400566385,0.5427520269,0.4171913346,0.0165055551
-2.0000000000,54.0000000000,0.0378861619,0.5446317564,0.4174820817,0.0385031454,0.5535011914,0.4079956631,0.0160242383
-2.0000000000,55.0000000000,0.0357883676,0.5616586910,0.4025529414,0.0364502507,0.5720462122,0.3915035371,0.0181585350
-2.0000000000,56.0000000000,0.0342047723,0.5882690026,0.3775262252,0.0350370104,0.6025822070,0.3623807826,0.0237531150
-1.0000000000,45.0000000000,0.0644748856,0.4697245246,0.4658005898,0.0657994204,0.4793742738,0.4548263058,0.0201298854
-1.0000000000,46.0000000000,0.0632670070,0.4761058401,0.4606271529,0.0647570039,0.4873185756,0.4479244205,0.0230090460
-1.0000000000,47.0000000000,0.0595870507,0.4817654216,0.4586475277,0.0612249366,0.4950078426,0.4437672208,0.0267519417
-1.0000000000,48.0000000000,0.0557513530,0.4920828661,0.4521657810,0.0574474726,0.5070534697,0.4354990577,0.0295247041
-1.0000000000,49.0000000000,0.0498033175,0.5080412962,0.4421553863,0.0514432910,0.5247705889,0.4237861201,0.0318792497
-1.0000000000,50.0000000000,0.0449632963,0.5184219137,0.4366147901,0.0463546982,0.5344646262,0.4191806756,0.0300164160
-1.0000000000,51.0000000000,0.0416820945,0.5323254885,0.4259924170,0.0427285867,0.5456903276,0.4115810857,0.0244916180
-1.0000000000,52.0000000000,0.0386502875,0.5444668210,0.4168828915,0.0394830121,0.5561974174,0.4043195706,0.0210907062
-1.0000000000,53.0000000000,0.0355657423,0.5664406253,0.3979936323,0.0362644692,0.5775689546,0.3861665761,0.0192675337
-1.0000000000,54.0000000000,0.0333282378,0.5798783842,0.3867933780,0.0339754070,0.5911384887,0.3748861043,0.0190481666
-1.0000000000,55.0000000000,0.0323699379,0.5863713989,0.3812586632,0.0330177017,0.5981054389,0.3688768594,0.0196186813
0.0000000000,45.0000000000,0.0677509131,0.4954439854,0.4368051014,0.0693633332,0.5072351745,0.4234014922,0.0232460005
0.0000000000,46.0000000000,0.0659040736,0.4956171535,0.4384787729,0.0675727526,0.5081660885,0.4242611589,0.0246945542
0.0000000000,47.0000000000,0.0620343975,0.4957852480,0.4421803545,0.0637951090,0.5098570339,0.4263478571,0.0275994739
0.0000000000,48.0000000000,0.0577370142,0.4947359764,0.4475270094,0.0594966142,0.5098136085,0.4306897773,0.0295747933
0.0000000000,49.0000000000,0.0515714429,0.5047821698,0.4436463873,0.0532579363,0.5212895966,0.4254524670,0.0316665188
0.0000000000,50.0000000000,0.0453753878,0.5131396730,0.4414849393,0.0468577204,0.5299030274,0.4232392522,0.0316347587
0.0000000000,51.0000000000,0.0414684739,0.5274469652,0.4310845609,0.0426194066,0.5420859405,0.4152946529,0.0270048976
0.0000000000,52.0000000000,0.0375284723,0.5461543518,0.4163171759,0.0384373243,0.5593809349,0.4021817408,0.0236450374
0.0000000000,53.0000000000,0.0333290884,0.5758477259,0.3908231858,0.0340770297,0.5887703817,0.3771525886,0.0219485494
0.0000000000,54.0000000000,0.0310750603,0.5936219965,0.3753029432,0.0317631837,0.6067671096,0.3614697066,0.0216641820
1.0000000000,45.0000000000,0.0739564686,0.5118007996,0.4142427317,0.0756700648,0.5236593953,0.4006705399,0.0226456277
1.0000000000,46.0000000000,0.0713887660,0.5097800556,0.4188311784,0.0730725723,0.5218039480,0.4051234798,0.0230429310
1.0000000000,47.0000000000,0.0656364763,0.5042095237,0.4301540000,0.0673925936,0.5176997527,0.4149076536,0.0260580171
1.0000000000,48.0000000000,0.0602606780,0.4942959865,0.4454433355,0.0620311271,0.5088183238,0.4291505491,0.0285413017
1.0000000000,49.0000000000,0.0536316078,0.4972628685,0.4491055236,0.0553467951,0.5131657843,0.4314874206,0.0309898208
1.0000000000,50.0000000000,0.0462878136,0.5088263534,0.4448858330,0.0478793560,0.5263216432,0.4257990008,0.0332406809
1.0000000000,51.0000000000,0.0404061553,0.5318653770,0.4277284677,0.0417659836,0.5497647680,0.4084692484,0.0325582724
1.0000000000,52.0000000000,0.0359370926,0.5514513372,0.4126115702,0.0370121807,0.5679484650,0.3950393542,0.0290468745
1.0000000000,53.0000000000,0.0322347382,0.5787719058,0.3889933560,0.0331071027,0.5944351350,0.3724577623,0.0263497700
2.0000000000,45.0000000000,0.1972202602,0.4765426471,0.3262370926,0.2011531978,0.4860457910,0.3128010112,0.0195519517
2.0000000000,46.0000000000,0.1974393971,0.4638511090,0.3387094940,0.2017531309,0.4739855111,0.3242613579,0.0213812488
2.0000000000,47.0000000000,0.0655736112,0.5127933844,0.4216330044,0.0672342786,0.5257799995,0.4069857219,0.0246997131
2.0000000000,48.0000000000,0.0618056027,0.4993585329,0.4388358643,0.0636023048,0.5138749922,0.4225227030,0.0282490090
2.0000000000,49.0000000000,0.0543731523,0.4934265560,0.4522002917,0.0561618237,0.5096584258,0.4341797505,0.0318485265
2.0000000000,50.0000000000,0.0466806726,0.5159347776,0.4373845498,0.0484446363,0.5354308593,0.4161245045,0.0364119500
2.0000000000,51.0000000000,0.0373600079,0.5509760638,0.4116639283,0.0389949752,0.5750881530,0.3859168718,0.0419276403
3.0000000000,45.0000000000,0.1786363276,0.4829890503,0.3383746221,0.1822974438,0.4928878152,0.3248147410,0.0200832007
3.0000000000,46.0000000000,0.2259037001,0.4648530061,0.3092432938,0.2310877598,0.4755204973,0.2933917429,0.0224332942
3.0000000000,47.0000000000,0.1051503040,0.5158012828,0.3790484133,0.1078422405,0.5290062309,0.3631515286,0.0249618008
3.0000000000,48.0000000000,0.1221810868,0.5038023097,0.3740166036,0.1259214239,0.5192252409,0.3548533352,0.0297037394
3.0000000000,49.0000000000,0.0789634129,0.5092521160,0.4117844711,0.0817311028,0.5271015467,0.3911673505,0.0338633623
3.0000000000,50.0000000000,0.0789848246,0.5361066951,0.3849084803,0.0825513019,0.5603140338,0.3571346642,0.0432031633
3.0000000000,51.0000000000,0.0770078582,0.5723217799,0.3506703619,0.0817328640,0.6074379847,0.3108291512,0.0578103539
3.0000000000,52.0000000000,0.0321999806,0.5968786594,0.3709213600,0.0340310890,0.6308212128,0.3351476982,0.0538069309
4.0000000000,45.0000000000,0.2334029266,0.4552512015,0.3113458719,0.2390070918,0.4661820967,0.2948108115,0.0234476942
4.0000000000,46.0000000000,0.2212651767,0.4755400738,0.3031947494,0.2268804902,0.4876084283,0.2855110815,0.0247500941
4.0000000000,47.0000000000,0.1999214201,0.4877379160,0.3123406638,0.2054580521,0.5012453499,0.2932965980,0.0269477489
4.0000000000,48.0000000000,0.1675643564,0.5132071466,0.3192284970,0.1732868161,0.5307335899,0.2959795941,0.0330230526
4.0000000000,49.0000000000,0.1180668783,0.5363052967,0.3456278250,0.1226785310,0.5572532018,0.3200682672,0.0375913588
4.0000000000,50.0000000000,0.1090809789,0.5635198282,0.3273991928,0.1148506945,0.5933265752,0.2918227303,0.0502366626
4.0000000000,51.0000000000,0.0736023671,0.6034951374,0.3229024955,0.0794256158,0.6512422743,0.2693321099,0.0733170108
4.0000000000,52.0000000000,0.0441973639,0.6154903699,0.3403122662,0.0471210025,0.6562048217,0.2966741758,0.0620453407
4.0000000000,53.0000000000,0.0581382285,0.6062720418,0.3355897297,0.0611666969,0.6378532548,0.3009800483,0.0495117219
5.0000000000,45.0000000000,0.5318658254,0.2864199058,0.1817142688,0.5452314648,0.2936175579,0.1611509773,0.0245136980
5.0000000000,46.0000000000,0.2343141403,0.4701388478,0.2955470119,0.2406545341,0.4828605105,0.2764849554,0.0263464549
5.0000000000,47.0000000000,0.2381213608,0.4788915320,0.2829871072,0.2456335261,0.4939994262,0.2603670477,0.0305828174
5.0000000000,48.0000000000,0.1716726003,0.5289107398,0.2994166599,0.1779587284,0.5482778412,0.2737634304,0.0353235165
5.0000000000,49.0000000000,0.1428742340,0.5570380070,0.3000877590,0.1489634020,0.5807784528,0.2702581452,0.0408769397
5.0000000000,50.0000000000,0.1224923606,0.5880717799,0.2894358595,0.1295110089,0.6217675054,0.2487214857,0.0541934490
5.0000000000,51.0000000000,0.0876807678,0.6226659406,0.2896532916,0.0943933187,0.6703351949,0.2352714864,0.0711125638
5.0000000000,52.0000000000,0.0584058260,0.6251190390,0.3164751350,0.0619314623,0.6628540138,0.2752145238,0.0569280325
5.0000000000,53.0000000000,0.0643174544,0.6055878415,0.3300947041,0.0673223514,0.6338807694,0.2987968792,0.0446344633
5.0000000000,54.0000000000,0.0601098058,0.5995003053,0.3403898889,0.0627413864,0.6257461621,0.3115124515,0.0419432965
5.0000000000,59.0000000000,0.0431552885,0.6183669997,0.3384777117,0.0443446724,0.6354095406,0.3202457870,0.0268213487
5.0000000000,60.0000000000,0.0377178507,0.5885472156,0.3737349338,0.0384532725,0.6000226963,0.3615240312,0.0191250778
5.0000000000,61.0000000000,0.1206721573,0.5372963710,0.3420314717,0.1223638897,0.5448288594,0.3328072509,0.0138254212
5.0000000000,62.0000000000,0.1304386016,0.5199272973,0.3496341011,0.1320446675,0.5263290640,0.3416262685,0.0121630499
5.0000000000,63.0000000000,0.1242355666,0.5012344976,0.3745299358,0.1255904251,0.5067007410,0.3677088339,0.0107879128
6.0000000000,45.0000000000,0.6962731629,0.1707053421,0.1330214951,0.7086458851,0.1737387633,0.1176153517,0.0174596684
6.0000000000,46.0000000000,0.6554110770,0.2027648664,0.1418240566,0.6712078593,0.2076519252,0.1211402155,0.0235348590
6.0000000000,47.0000000000,0.5363342089,0.2933296284,0.1703361627,0.5536628348,0.3028069269,0.1435302382,0.0312981563
6.0000000000,48.0000000000,0.2681006402,0.4834539914,0.2484453685,0.2787228611,0.5026085712,0.2186685677,0.0381103327
6.0000000000,49.0000000000,0.1500992597,0.5738648607,0.2760358796,0.1567173742,0.5991674728,0.2441151530,0.0422296157
6.0000000000,50.0000000000,0.1162287792,0.6105077181,0.2732635028,0.1222601815,0.6421884920,0.2355513265,0.0493325159
6.0000000000,51.0000000000,0.0927048943,0.6370146015,0.2702805042,0.0982094851,0.6748389770,0.2269515379,0.0560494826
6.0000000000,52.0000000000,0.0597572421,0.6375772783,0.3026654796,0.0627486089,0.6694935350,0.2677578561,0.0476722403
6.0000000000,53.0000000000,0.0700685476,0.6031024345,0.3268290180,0.0727787836,0.6264303044,0.3007909119,0.0372393701
6.0000000000,54.0000000000,0.0684233798,0.5953703368,0.3362062834,0.0710508918,0.6182330298,0.3107160784,0.0369807045
6.0000000000,59.0000000000,0.1974122674,0.5219534725,0.2806342601,0.2013668678,0.5324093448,0.2662237874,0.0196387842
6.0000000000,60.0000000000,0.2405613674,0.4643078096,0.2951308230,0.2437178971,0.4704002318,0.2858818711,0.0129515714
6.0000000000,61.0000000000,0.2539724989,0.4354515152,0.3105759859,0.2563565505,0.4395391187,0.3041043308,0.0092997491
6.0000000000,62.0000000000,0.2516779398,0.4125267381,0.3357953220,0.2539318806,0.4162211852,0.3298469343,0.0088761629
6.0000000000,63.0000000000,0.2139836076,0.4554556114,0.3305607811,0.2159081238,0.4595518677,0.3245400085,0.0089135888
7.0000000000,45.0000000000,0.3554536589,0.3711043582,0.2734419829,0.3634523853,0.3794552702,0.2570923445,0.0220076321
7.0000000000,46.0000000000,0.6858622328,0.1785916694,0.1355460978,0.7009805643,0.1825283317,0.1164911040,0.0215674046
7.0000000000,47.0000000000,0.6291069256,0.2139685852,0.1569244892,0.6508479072,0.2213630151,0.1277890777,0.0334040892
7.0000000000,48.0000000000,0.2402808082,0.5087834984,0.2509356934,0.2512501842,0.5320106448,0.2167391710,0.0436591760
7.0000000000,49.0000000000,0.1635541697,0.5733790776,0.2630667527,0.1710136843,0.5995302275,0.2294560882,0.0436194018
7.0000000000,50.0000000000,0.1248025600,0.6110675214,0.2641299185,0.1306687044,0.6397897711,0.2295415246,0.0448932617
7.0000000000,51.0000000000,0.0994874531,0.6325668554,0.2679456916,0.1042016170,0.6625407244,0.2332576586,0.0452407949
7.0000000000,52.0000000000,0.0803614740,0.6345554588,0.2850830672,0.0838010611,0.6617153483,0.2544835907,0.0410446720
7.0000000000,53.0000000000,0.0767908423,0.6117814667,0.3114276910,0.0795898055,0.6340803993,0.2863297952,0.0351673583
7.0000000000,54.0000000000,0.0720103669,0.6046630776,0.3233265555,0.0747133145,0.6273594291,0.2979272565,0.0361775889
7.0000000000,59.0000000000,0.2031001917,0.5362902221,0.2606095862,0.2070635380,0.5467555191,0.2461809429,0.0191407251
7.0000000000,60.0000000000,0.2677543858,0.4377247666,0.2945208476,0.2706641234,0.4424816045,0.2868542720,0.0107503632
7.0000000000,61.0000000000,0.2658748123,0.4319335076,0.3021916800,0.2678389780,0.4351244416,0.2970365804,0.0073333825
7.0000000000,62.0000000000,0.2578277922,0.4131833592,0.3289888487,0.2596056927,0.4160325435,0.3243617638,0.0068484650
7.0000000000,63.0000000000,0.2405045918,0.4136101567,0.3458852515,0.2424604652,0.4169737894,0.3405657454,0.0080667726
8.0000000000,45.0000000000,0.1252465421,0.4977876356,0.3769658223,0.1301136164,0.5171316381,0.3527547455,0.0374063411
8.0000000000,46.0000000000,0.3206645457,0.3960955034,0.2832399509,0.3287037431,0.4060257873,0.2652704696,0.0244572738
8.0000000000,47.0000000000,0.6761908875,0.1840377093,0.1397714032,0.6980182570,0.1899784269,0.1120033161,0.0312704851
8.0000000000,48.0000000000,0.2878286636,0.4737977094,0.2383736269,0.3009303728,0.4953645669,0.2037050603,0.0435373439
8.0000000000,49.0000000000,0.2935284280,0.4893050480,0.2171665240,0.3086683339,0.5145429182,0.1767887479,0.0490491061
8.0000000000,50.0000000000,0.1329746011,0.6075894676,0.2594359312,0.1393951257,0.6369262211,0.2236786532,0.0460598929
8.0000000000,51.0000000000,0.1188993125,0.6214934312,0.2596072563,0.1241572448,0.6489769409,0.2268658143,0.0423489772
8.0000000000,52.0000000000,0.1042333313,0.6303714037,0.2653952649,0.1086124681,0.6568550874,0.2345324445,0.0403189138
8.0000000000,53.0000000000,0.0797374837,0.6300674821,0.2901950343,0.0827939009,0.6542185969,0.2629875022,0.0369159711
8.0000000000,54.0000000000,0.0723325997,0.6239772278,0.3036901725,0.0752207507,0.6488918647,0.2758873847,0.0383956684
8.0000000000,55.0000000000,0.0698148809,0.6346579154,0.2955272037,0.0733395031,0.6666987832,0.2599617137,0.0480589865
8.0000000000,56.0000000000,0.0604127611,0.6581572111,0.2814300278,0.0642221534,0.6996580284,0.2361198183,0.0593158595
8.0000000000,57.0000000000,0.0536667984,0.6762922256,0.2700409760,0.0571663325,0.7203922615,0.2224414060,0.0612166985
8.0000000000,59.0000000000,0.1793907573,0.5906029356,0.2300063071,0.1845932459,0.6077309363,0.2076758178,0.0281835261
8.0000000000,60.0000000000,0.2531928107,0.4930970500,0.2537101393,0.2569386937,0.5003922172,0.2426690891,0.0145788981
8.0000000000,61.0000000000,0.2627359998,0.4637017008,0.2735622994,0.2648727307,0.4674728084,0.2676544609,0.0080670095
8.0000000000,62.0000000000,0.2444620652,0.3955315300,0.3600064047,0.2460576688,0.3981131637,0.3558291675,0.0064846730
8.0000000000,63.0000000000,0.2405024758,0.4017065647,0.3577909595,0.2424264661,0.4049201680,0.3526533659,0.0079363874
8.0000000000,64.0000000000,0.1690770329,0.5353068502,0.2956161168,0.1705059662,0.5398309287,0.2896631051,0.0083805469
9.0000000000,45.0000000000,0.3320553110,0.3919930256,0.2759516634,0.3469187735,0.4095394206,0.2435418059,0.0428442150
9.0000000000,46.0000000000,0.3524725740,0.3691733392,0.2783540868,0.3616715474,0.3788081759,0.2595202767,0.0254346061
9.0000000000,47.0000000000,0.7065653485,0.1515890673,0.1418455842,0.7268560310,0.1559423032,0.1172016659,0.0279156829
9.0000000000,48.0000000000,0.5325933885,0.2981251736,0.1692814380,0.5545259527,0.3104021745,0.1350718728,0.0395519166
9.0000000000,49.0000000000,0.3725229338,0.4261162291,0.2013608371,0.3911715574,0.4474477512,0.1613806914,0.0476737719
9.0000000000,50.0000000000,0.2047568193,0.5558940362,0.2393491445,0.2147785487,0.5831020170,0.2021194343,0.0466607558
9.0000000000,51.0000000000,0.2099199193,0.5648102307,0.2252698499,0.2194825774,0.5905395047,0.1899779179,0.0435690987
9.0000000000,52.0000000000,0.1285602187,0.6282586376,0.2431811437,0.1342269178,0.6559511287,0.2098219534,0.0422173084
9.0000000000,53.0000000000,0.0836105014,0.6534418302,0.2629476684,0.0870577157,0.6803828719,0.2325594125,0.0395968840
9.0000000000,54.0000000000,0.0719136233,0.6593211876,0.2687651890,0.0750531905,0.6881054854,0.2368413241,0.0418312285
9.0000000000,55.0000000000,0.0654224959,0.6718454213,0.2627320827,0.0692057807,0.7106972341,0.2200969852,0.0546671788
9.0000000000,56.0000000000,0.0641505878,0.6882924739,0.2475569383,0.0693512491,0.7440920564,0.1865566946,0.0749901601
9.0000000000,57.0000000000,0.0605780077,0.7007502581,0.2386717343,0.0656147496,0.7590139475,0.1753713029,0.0767623436
9.0000000000,58.0000000000,0.0581668884,0.7109901913,0.2308429202,0.0624799674,0.7637101651,0.1738098675,0.0690313893
9.0000000000,59.0000000000,0.1210345832,0.6705398383,0.2084255785,0.1267757167,0.7023461094,0.1708781738,0.0452857511
9.0000000000,60.0000000000,0.1902374820,0.6004618171,0.2093007009,0.1950905210,0.6157798530,0.1891296260,0.0248758315
9.0000000000,61.0000000000,0.2350122664,0.5344572331,0.2305305006,0.2380108892,0.5412766033,0.2207125075,0.0125986792
9.0000000000,62.0000000000,0.2623999559,0.4602132679,0.2773867762,0.2644164112,0.4637498519,0.2718337369,0.0076260595
9.0000000000,63.0000000000,0.2314488274,0.4296800138,0.3388711587,0.2333086551,0.4331327459,0.3335585990,0.0079715332
9.0000000000,64.0000000000,0.1744428551,0.5531355701,0.2724215749,0.1759322285,0.5578581792,0.2662095923,0.0084656088
10.0000000000,45.0000000000,0.3528474593,0.3746116870,0.2725408537,0.3698521895,0.3926652978,0.2374825126,0.0459770978
10.0000000000,46.0000000000,0.6893583577,0.1694890771,0.1411525652,0.7060808506,0.1736005525,0.1203185970,0.0236835383
10.0000000000,47.0000000000,0.7462589890,0.0982864857,0.1554545252,0.7637985808,0.1005965482,0.1356048710,0.0229636350
10.0000000000,48.0000000000,0.5995738025,0.2371613435,0.1632648540,0.6208408164,0.2455735082,0.1335856754,0.0342551800
10.0000000000,49.0000000000,0.3948342519,0.4004838880,0.2046818601,0.4127726277,0.4186789418,0.1685484305,0.0434582493
10.0000000000,50.0000000000,0.3392917572,0.4526081197,0.2081001231,0.3546477098,0.4730926397,0.1722596505,0.0432991731
10.0000000000,51.0000000000,0.2423460583,0.5353837332,0.2222702085,0.2528192164,0.5585207238,0.1886600599,0.0414254827
10.0000000000,52.0000000000,0.1315766483,0.6259744492,0.2424489025,0.1372898276,0.6531548366,0.2095553359,0.0416140030
10.0000000000,53.0000000000,0.0932331485,0.6615371937,0.2452296579,0.0971896890,0.6896108860,0.2131994250,0.0407094680
10.0000000000,54.0000000000,0.0758083308,0.6889791702,0.2352124989,0.0795110842,0.7226314075,0.1978575083,0.0465690211
10.0000000000,55.0000000000,0.0621658977,0.7093598633,0.2284742390,0.0667909971,0.7621357417,0.1710732611,0.0692473474
10.0000000000,56.0000000000,0.0504622554,0.7192949667,0.2302427779,0.0562900657,0.8023652646,0.1413446697,0.1035317723
10.0000000000,57.0000000000,0.0527187867,0.7227717898,0.2245094235,0.0587619943,0.8056238487,0.1356141570,0.1028421130
10.0000000000,58.0000000000,0.0518542472,0.7324289036,0.2157168492,0.0567512131,0.8015973821,0.1416514049,0.0862883038
10.0000000000,60.0000000000,0.1385228871,0.6752310081,0.1862461049,0.1438345641,0.7011228234,0.1550426126,0.0369290721
10.0000000000,61.0000000000,0.1939625842,0.6082305850,0.1978068308,0.1974641917,0.6192109746,0.1833248337,0.0177328731
10.0000000000,62.0000000000,0.2484913564,0.5130953317,0.2384133120,0.2509491106,0.5181702052,0.2308806842,0.0097938352
10.0000000000,63.0000000000,0.2409112923,0.4844077873,0.2746809204,0.2429481721,0.4885034046,0.2685484233,0.0083840098
10.0000000000,64.0000000000,0.2046755625,0.5338479975,0.2614764400,0.2064793182,0.5385526696,0.2549680122,0.0087357697
10.0000000000,65.0000000000,0.1722752129,0.5629842105,0.2647405766,0.1738173065,0.5680236722,0.2581590213,0.0088719220
11.0000000000,45.0000000000,0.3095374935,0.3859591039,0.3045034026,0.3259870732,0.4064699150,0.2675430118,0.0504608344
11.0000000000,46.0000000000,0.6278910344,0.2016415866,0.1704673790,0.6464542556,0.2076029989,0.1459427455,0.0287154443
11.0000000000,47.0000000000,0.7251397470,0.1357342226,0.1391260304,0.7433879143,0.1391499791,0.1174621067,0.0245473015
11.0000000000,48.0000000000,0.6239879179,0.2191015435,0.1569105386,0.6457343577,0.2267373941,0.1275282481,0.0336770680
11.0000000000,49.0000000000,0.4385992035,0.3594039283,0.2019968682,0.4568151478,0.3743307269,0.1688541253,0.0398759639
11.0000000000,50.0000000000,0.4036541036,0.3977427479,0.1986031485,0.4198934411,0.4137442668,0.1663622921,0.0386749017
11.0000000000,51.0000000000,0.3498772143,0.4488913864,0.2012313993,0.3641164699,0.4671603075,0.1687232226,0.0391063213
11.0000000000,52.0000000000,0.1345084471,0.6172010299,0.2482905230,0.1401009058,0.6428624017,0.2170366925,0.0399173629
11.0000000000,53.0000000000,0.1073297342,0.6572236376,0.2354466282,0.1117867370,0.6845156796,0.2036975834,0.0398705871
11.0000000000,54.0000000000,0.0911624628,0.6940117511,0.2148257861,0.0959705883,0.7306155846,0.1734138271,0.0500999900
11.0000000000,55.0000000000,0.0702580515,0.7170830128,0.2126589357,0.0769832148,0.7857228382,0.1372939470,0.0873588268
11.0000000000,56.0000000000,0.0552798754,0.7185058763,0.2262142483,0.0633850974,0.8238543342,0.1127605684,0.1278726755
11.0000000000,58.0000000000,0.0571177258,0.7394833665,0.2033989077,0.0630565716,0.8163715407,0.1205718878,0.0941828203
11.0000000000,59.0000000000,0.1129056048,0.7071499716,0.1799444236,0.1204754807,0.7545615908,0.1249629285,0.0628333323
11.0000000000,60.0000000000,0.1449389815,0.6808221451,0.1742388734,0.1508314692,0.7085009383,0.1406675925,0.0390666994
11.0000000000,61.0000000000,0.1819194317,0.6341728254,0.1839077429,0.1855819053,0.6469402424,0.1674778523,0.0197350793
11.0000000000,62.0000000000,0.2500384141,0.5291597269,0.2208018590,0.2526706955,0.5347304603,0.2125988441,0.0104178344
11.0000000000,63.0000000000,0.2467729490,0.4979102037,0.2553168473,0.2488276113,0.5020558661,0.2491165226,0.0082573727
11.0000000000,64.0000000000,0.2136361171,0.5358004914,0.2505633916,0.2154610285,0.5403773787,0.2441615928,0.0084697982
11.0000000000,65.0000000000,0.1963448048,0.5568448189,0.2468103763,0.1981083171,0.5618462381,0.2400454449,0.0089017579
12.0000000000,45.0000000000,0.1243203278,0.4524565546,0.4232231176,0.1309771770,0.4766837677,0.3923390554,0.0508244977
12.0000000000,46.0000000000,0.2996664936,0.3575571772,0.3427763292,0.3087852968,0.3684375846,0.3227771187,0.0295312092
12.0000000000,47.0000000000,0.7068179242,0.1451787487,0.1480033271,0.7252658682,0.1489679132,0.1257662186,0.0254361122
12.0000000000,48.0000000000,0.6475247768,0.1964983423,0.1559768809,0.6706373546,0.2035121021,0.1258505433,0.0344636004
12.0000000000,49.0000000000,0.4600171342,0.3361309960,0.2038518698,0.4779405899,0.3492275277,0.1728318823,0.0375014303
12.0000000000,50.0000000000,0.4912836591,0.3291544112,0.1795619297,0.5086942628,0.3408193158,0.1504864214,0.0342260666
12.0000000000,51.0000000000,0.4210625106,0.3931815785,0.1857559109,0.4366196348,0.4077085775,0.1556717877,0.0356308397
12.0000000000,52.0000000000,0.1626854417,0.5891537415,0.2481608168,0.1685558139,0.6104128765,0.2210313095,0.0348274682
12.0000000000,53.0000000000,0.1295647645,0.6307818382,0.2396533973,0.1338496356,0.6516425940,0.2145077704,0.0320125725
12.0000000000,54.0000000000,0.1124517053,0.6744394548,0.2131088399,0.1171104856,0.7023809182,0.1805085963,0.0397810684
12.0000000000,55.0000000000,0.0812558261,0.7185788367,0.2001653372,0.0867953021,0.7675667115,0.1456379864,0.0638223024
12.0000000000,56.0000000000,0.0635514147,0.7293406928,0.2071078925,0.0710638118,0.8155558767,0.1133803115,0.1057133991
12.0000000000,57.0000000000,0.0647644800,0.7402246018,0.1950109182,0.0714373117,0.8164916270,0.1120710612,0.0934082147
12.0000000000,58.0000000000,0.1115764138,0.7137307671,0.1746928192,0.1195305390,0.7646116270,0.1158578341,0.0665447112
12.0000000000,59.0000000000,0.1302183810,0.7027248433,0.1670567757,0.1369560076,0.7390845151,0.1239594773,0.0491955535
12.0000000000,60.0000000000,0.1620570536,0.6724355668,0.1655073797,0.1674812693,0.6949426746,0.1375760561,0.0323869991
12.0000000000,61.0000000000,0.2039286786,0.6203406063,0.1757307151,0.2076401225,0.6316306289,0.1607292486,0.0178744064
12.0000000000,62.0000000000,0.2590074712,0.5293423629,0.2116501659,0.2616402623,0.5347230874,0.2036366502,0.0100626374
12.0000000000,63.0000000000,0.2584311041,0.4971167013,0.2444521947,0.2604259376,0.5009539525,0.2386201098,0.0076598882
12.0000000000,64.0000000000,0.2458758166,0.5048913269,0.2492328565,0.2477470621,0.5087338178,0.2435191201,0.0075530479
12.0000000000,65.0000000000,0.2261857899,0.5319564665,0.2418577436,0.2280083268,0.5362428114,0.2357488618,0.0079932912
12.0000000000,66.0000000000,0.2057557792,0.5525014500,0.2417427708,0.2074880513,0.5571529978,0.2353589510,0.0083487799
13.0000000000,46.0000000000,0.1730047029,0.3932074663,0.4337878308,0.1780934404,0.4047732189,0.4171333407,0.0285734136
13.0000000000,47.0000000000,0.7045069449,0.1479232677,0.1475697874,0.7229906560,0.1518042386,0.1252051054,0.0255656293
13.0000000000,48.0000000000,0.6653455361,0.1787617706,0.1558926932,0.6881427787,0.1848868218,0.1269703995,0.0331286519
13.0000000000,49.0000000000,0.5163259355,0.2925579221,0.1911161424,0.5358742241,0.3036342719,0.1604915040,0.0364792477
13.0000000000,50.0000000000,0.5006765949,0.3168935497,0.1824298554,0.5175728420,0.3275877019,0.1548394561,0.0326451577
13.0000000000,51.0000000000,0.3991167307,0.4031112966,0.1977719726,0.4122373505,0.4163632343,0.1713994152,0.0318278286
13.0000000000,52.0000000000,0.1733873310,0.5728668980,0.2537457710,0.1785514183,0.5899288983,0.2315196834,0.0289221301
13.0000000000,53.0000000000,0.1473774192,0.6067971505,0.2458254302,0.1511741775,0.6224295461,0.2263962764,0.0251151245
13.0000000000,54.0000000000,0.1250709401,0.6521466744,0.2227823855,0.1288662040,0.6719359932,0.1991978029,0.0294511961
13.0000000000,55.0000000000,0.0935830455,0.7036276020,0.2027893525,0.0977404350,0.7348859776,0.1673735874,0.0425350008
13.0000000000,56.0000000000,0.0869677249,0.7238951559,0.1891371192,0.0928915790,0.7732036704,0.1339047506,0.0637717026
13.0000000000,57.0000000000,0.1254922846,0.7039765295,0.1705311859,0.1329687257,0.7459172676,0.1211140067,0.0562270643
13.0000000000,58.0000000000,0.1596133151,0.6800100576,0.1603766273,0.1669842017,0.7114126821,0.1216031163,0.0441412210
13.0000000000,59.0000000000,0.1598311798,0.6813680127,0.1588008076,0.1660169981,0.7077384541,0.1262445478,0.0372601506
13.0000000000,60.0000000000,0.1728051018,0.6674733961,0.1597215022,0.1775450061,0.6857816520,0.1366733419,0.0266969171
13.0000000000,61.0000000000,0.2049606594,0.6258847242,0.1691546164,0.2084115432,0.6364226267,0.1551658300,0.0165580262
13.0000000000,62.0000000000,0.2465427711,0.5702407013,0.1832165276,0.2491561686,0.5762853546,0.1745584768,0.0104889935
13.0000000000,63.0000000000,0.2557117274,0.5278435297,0.2164447429,0.2578234013,0.5322024750,0.2099741238,0.0081903889
13.0000000000,64.0000000000,0.2440723852,0.5354015947,0.2205260200,0.2458354394,0.5392690622,0.2148954984,0.0071716843
13.0000000000,65.0000000000,0.2354608765,0.5377411144,0.2267980091,0.2370850989,0.5414504828,0.2214644183,0.0068507990
13.0000000000,66.0000000000,0.2114986202,0.5497234522,0.2387779276,0.2130213547,0.5536813166,0.2332973288,0.0071482715
13.0000000000,67.0000000000,0.1972059006,0.5724547710,0.2303393285,0.1986659281,0.5766929796,0.2246410923,0.0073491594
14.0000000000,46.0000000000,0.5662189835,0.2129767083,0.2208043082,0.5808624518,0.2184846792,0.2006528690,0.0252098725
14.0000000000,47.0000000000,0.6203959544,0.1933206429,0.1862834027,0.6366929427,0.1983989228,0.1649081345,0.0255963075
14.0000000000,48.0000000000,0.6534269045,0.1808981480,0.1656749475,0.6752103274,0.1869287856,0.1378608870,0.0322616850
14.0000000000,49.0000000000,0.4775785545,0.3095022679,0.2129191776,0.4961442792,0.3215340768,0.1823216440,0.0374200117
14.0000000000,50.0000000000,0.4623394759,0.3374048954,0.2002556287,0.4781846771,0.3489683650,0.1728469579,0.0331361543
14.0000000000,51.0000000000,0.3151864719,0.4545791200,0.2302344081,0.3245148640,0.4680330359,0.2074521001,0.0287456543
14.0000000000,52.0000000000,0.1836747287,0.5560093643,0.2603159070,0.1880343669,0.5692066055,0.2427590276,0.0231853268
14.0000000000,53.0000000000,0.1573505379,0.5841392989,0.2585101633,0.1604014253,0.5954652422,0.2441333325,0.0190203265
14.0000000000,54.0000000000,0.1371826938,0.6242528897,0.2385644164,0.1400460295,0.6372825621,0.2226714083,0.0204456754
14.0000000000,56.0000000000,0.1030823725,0.7037114196,0.1932062079,0.1081296502,0.7381676209,0.1537027289,0.0466780177
14.0000000000,57.0000000000,0.1560001721,0.6749273111,0.1690725168,0.1631335709,0.7057896211,0.1310768080,0.0437273502
14.0000000000,58.0000000000,0.1912945456,0.6517051380,0.1570003164,0.1988013531,0.6772794427,0.1239192042,0.0377603440
14.0000000000,59.0000000000,0.1817078245,0.6631953857,0.1550967898,0.1880637807,0.6863932903,0.1255429291,0.0337968114
14.0000000000,60.0000000000,0.1970988569,0.6515734427,0.1513277004,0.2023858260,0.6690512135,0.1285629605,0.0261232181
14.0000000000,61.0000000000,0.2276773219,0.6162690224,0.1560536558,0.2317282060,0.6272338141,0.1410379799,0.0174811872
14.0000000000,62.0000000000,0.2395516163,0.5954451157,0.1650032681,0.2425249712,0.6028358805,0.1546391483,0.0122599949
14.0000000000,63.0000000000,0.2329927689,0.5877854210,0.1792218101,0.2352664026,0.5935212587,0.1712123387,0.0096640814
14.0000000000,64.0000000000,0.2253857837,0.5867496116,0.1878646047,0.2271206160,0.5912659221,0.1816134619,0.0076383744
14.0000000000,65.0000000000,0.2399259135,0.5481147282,0.2119593583,0.2414527633,0.5516028419,0.2069443948,0.0063235962
14.0000000000,66.0000000000,0.2130818109,0.5432777246,0.2436404645,0.2143171075,0.5464272620,0.2392556305,0.0057638732
14.0000000000,67.0000000000,0.1840109422,0.5687314001,0.2472576577,0.1852355651,0.5725164006,0.2422480343,0.0066111652
14.0000000000,68.0000000000,0.1763124073,0.6081759460,0.2155116467,0.1774709305,0.6121721819,0.2103568876,0.0065279606
14.0000000000,69.0000000000,0.1594348835,0.6143356281,0.2262294884,0.1604714097,0.6183295780,0.2211990123,0.0064592574
15.0000000000,45.0000000000,0.5359164238,0.2176735719,0.2464100043,0.5488950206,0.2229450982,0.2281598812,0.0236449527
15.0000000000,46.0000000000,0.4446669156,0.2671551802,0.2881779042,0.4560263280,0.2739798971,0.2699937749,0.0249095537
15.0000000000,47.0000000000,0.5115794927,0.2464866525,0.2419338547,0.5255684457,0.2532267393,0.2212048150,0.0266168052
15.0000000000,48.0000000000,0.6031648674,0.2094490822,0.1873860504,0.6248141866,0.2169668112,0.1582190022,0.0346492119
15.0000000000,49.0000000000,0.4388532941,0.3264968750,0.2346498309,0.4569221848,0.3399397189,0.2031380963,0.0395447875
15.0000000000,50.0000000000,0.4536822515,0.3381427293,0.2081750192,0.4683419418,0.3490690278,0.1825890304,0.0313012545
15.0000000000,51.0000000000,0.3659267101,0.4151285391,0.2189447508,0.3748885578,0.4252953802,0.1998160620,0.0239053646
15.0000000000,52.0000000000,0.1782840709,0.5422528769,0.2794630522,0.1813359853,0.5515353067,0.2671287081,0.0168301641
15.0000000000,53.0000000000,0.1687759167,0.5587587399,0.2724653434,0.1710305033,0.5662228968,0.2627465999,0.0131823651
15.0000000000,54.0000000000,0.1582433622,0.5827753164,0.2589813214,0.1604371034,0.5908543801,0.2487085165,0.0136735276
15.0000000000,55.0000000000,0.1356331676,0.6269185683,0.2374482640,0.1382396387,0.6389661018,0.2227942595,0.0188547301
15.0000000000,57.0000000000,0.1965121060,0.6323189956,0.1711688984,0.2041822252,0.6569992159,0.1388185589,0.0375650682
15.0000000000,58.0000000000,0.2100792025,0.6304085309,0.1595122666,0.2185326544,0.6557757644,0.1256915812,0.0386827860
15.0000000000,59.0000000000,0.1911171349,0.6573549707,0.1515278943,0.1988311912,0.6838877735,0.1172810352,0.0387970129
15.0000000000,60.0000000000,0.2115532683,0.6460781760,0.1423685556,0.2182224089,0.6664455578,0.1153320333,0.0305612087
15.0000000000,61.0000000000,0.2317527638,0.6257642263,0.1424830098,0.2367525961,0.6392644589,0.1239829450,0.0211183844
15.0000000000,62.0000000000,0.2393862439,0.6144030820,0.1462106741,0.2429460120,0.6235394988,0.1335144892,0.0146525069
15.0000000000,63.0000000000,0.2284881998,0.6135723179,0.1579394824,0.2310450396,0.6204383448,0.1485166156,0.0110664130
15.0000000000,64.0000000000,0.2205364080,0.6108069929,0.1686565991,0.2224485114,0.6161028355,0.1614486531,0.0085957121
15.0000000000,65.0000000000,0.2325491889,0.5772384845,0.1902123265,0.2340675519,0.5810073969,0.1849250512,0.0064868578
15.0000000000,66.0000000000,0.2173632607,0.5571366871,0.2255000522,0.2185147182,0.5600880565,0.2213972253,0.0052694738
15.0000000000,67.0000000000,0.1938957239,0.5489463095,0.2571579666,0.1949940117,0.5520557183,0.2529502700,0.0056324183
15.0000000000,68.0000000000,0.1860085173,0.6054694808,0.2085220020,0.1870937529,0.6090019912,0.2039042559,0.0058004908
15.0000000000,69.0000000000,0.1738209092,0.6212924798,0.2048866110,0.1748671127,0.6250319516,0.2001009357,0.0059828490
16.0000000000,45.0000000000,0.5275468761,0.2187824489,0.2536706749,0.5394588230,0.2237225311,0.2368186460,0.0220812903
16.0000000000,46.0000000000,0.2520106459,0.3475762504,0.4004131037,0.2582234173,0.3561449829,0.3856315997,0.0240596749
16.0000000000,47.0000000000,0.2944345984,0.3488329641,0.3567324375,0.3031238566,0.3591276092,0.3377485343,0.0286657021
16.0000000000,48.0000000000,0.4117781806,0.3186175933,0.2696042260,0.4284393096,0.3315093128,0.2400513776,0.0388879559
16.0000000000,49.0000000000,0.3040909580,0.3989562333,0.2969528087,0.3173676121,0.4163747186,0.2662576693,0.0418336767
16.0000000000,50.0000000000,0.4340960013,0.3479802295,0.2179237691,0.4476969763,0.3588830491,0.1934199746,0.0303798678
16.0000000000,51.0000000000,0.3883424086,0.3985723813,0.2130852101,0.3966937481,0.4071437174,0.1961625345,0.0210523599
16.0000000000,52.0000000000,0.1779039108,0.5373924609,0.2847036283,0.1804304027,0.5450242081,0.2745453892,0.0140025840
16.0000000000,53.0000000000,0.1772707280,0.5469905036,0.2757387684,0.1791870349,0.5529035028,0.2679094623,0.0106944506
16.0000000000,54.0000000000,0.1807791952,0.5536876945,0.2655331103,0.1827151585,0.5596171327,0.2576677088,0.0105955267
16.0000000000,55.0000000000,0.1600505996,0.5853423582,0.2546070423,0.1622771743,0.5934854612,0.2442373645,0.0137208130
16.0000000000,57.0000000000,0.1755227087,0.6408889374,0.1835883540,0.1821975982,0.6652610708,0.1525413310,0.0366354421
16.0000000000,58.0000000000,0.2164626265,0.6237238913,0.1598134821,0.2261150930,0.6515368863,0.1223480208,0.0426882890
16.0000000000,59.0000000000,0.1902744046,0.6593871102,0.1503384853,0.1994918724,0.6913298167,0.1091783109,0.0462047286
16.0000000000,60.0000000000,0.2130605471,0.6504305224,0.1365089305,0.2215353448,0.6763023562,0.1021622990,0.0382548332
16.0000000000,61.0000000000,0.2296251641,0.6390921929,0.1312826431,0.2359308147,0.6566420643,0.1074271210,0.0267266939
16.0000000000,62.0000000000,0.2392856762,0.6282383585,0.1324759653,0.2436095194,0.6395904970,0.1167999837,0.0177490731
16.0000000000,63.0000000000,0.2265179484,0.6308395195,0.1426425321,0.2294267725,0.6389404281,0.1316327995,0.0126786601
16.0000000000,64.0000000000,0.2273938803,0.6141455981,0.1584605216,0.2295589180,0.6199929338,0.1504481483,0.0094312941
16.0000000000,65.0000000000,0.2291885924,0.5955508777,0.1752605299,0.2308352507,0.5998297502,0.1693349991,0.0071334783
16.0000000000,66.0000000000,0.2360113479,0.5682561058,0.1957325463,0.2372894308,0.5713334086,0.1913771606,0.0053861770
16.0000000000,67.0000000000,0.2125656859,0.5531168365,0.2343174776,0.2135802861,0.5557569259,0.2306627880,0.0047504392
16.0000000000,68.0000000000,0.2017221528,0.5440354989,0.2542423483,0.2027969742,0.5469342436,0.2502687822,0.0052999875
16.0000000000,69.0000000000,0.1863383582,0.6151805839,0.1984810579,0.1873845572,0.6186345228,0.1939809200,0.0055831654
17.0000000000,45.0000000000,0.4867526888,0.2390467559,0.2742005553,0.4971890535,0.2441721084,0.2586388381,0.0209907370
17.0000000000,46.0000000000,0.2591261611,0.3477170320,0.3931568069,0.2652570552,0.3559439756,0.3787989692,0.0231130293
17.0000000000,47.0000000000,0.2629371410,0.3670465356,0.3700163233,0.2703466802,0.3773898658,0.3522634540,0.0274075463
17.0000000000,48.0000000000,0.2916229342,0.3841813198,0.3241957460,0.3020685362,0.3979422580,0.2999892058,0.0345802385
17.0000000000,49.0000000000,0.3818033831,0.3611952299,0.2570013870,0.3963666806,0.3749724615,0.2286608579,0.0367419822
17.0000000000,50.0000000000,0.4111883786,0.3672959792,0.2215156422,0.4232421052,0.3780630279,0.1986948669,0.0284795072
17.0000000000,51.0000000000,0.3568597178,0.4205612848,0.2225789975,0.3635550125,0.4284517291,0.2079932583,0.0184161805
17.0000000000,52.0000000000,0.1957571719,0.5330853129,0.2711575152,0.1982490334,0.5398711420,0.2618798246,0.0125693497
17.0000000000,53.0000000000,0.1667418899,0.5641405141,0.2691175959,0.1684263308,0.5698395099,0.2617341594,0.0100010540
17.0000000000,54.0000000000,0.1798102890,0.5589119618,0.2612777492,0.1815606646,0.5643527286,0.2540866068,0.0096407203
17.0000000000,55.0000000000,0.1831060512,0.5660920400,0.2508019088,0.1853246906,0.5729512022,0.2417241072,0.0119716343
17.0000000000,59.0000000000,0.1913422043,0.6638251662,0.1448326295,0.2015719825,0.6993154245,0.0991125930,0.0507500007
17.0000000000,60.0000000000,0.1896467027,0.6766436957,0.1337096015,0.1990643496,0.7102450780,0.0906905724,0.0473095602
17.0000000000,61.0000000000,0.2008604607,0.6749852546,0.1241542847,0.2081878695,0.6996087813,0.0922033492,0.0351961373
17.0000000000,62.0000000000,0.2092180959,0.6685662639,0.1222156402,0.2140608397,0.6840414794,0.1018976809,0.0226232122
17.0000000000,63.0000000000,0.2144681051,0.6573527726,0.1281791222,0.2176492665,0.6671031515,0.1152475820,0.0146159987
17.0000000000,64.0000000000,0.2191251339,0.6419508150,0.1389240511,0.2214064610,0.6486342099,0.1299593291,0.0103037965
17.0000000000,65.0000000000,0.2283305354,0.6086945204,0.1629749442,0.2301724779,0.6136048593,0.1562226628,0.0080024446
17.0000000000,66.0000000000,0.2362972655,0.5818126604,0.1818900741,0.2377428160,0.5853719042,0.1768852798,0.0060803119
17.0000000000,67.0000000000,0.2448227134,0.5511663045,0.2040109821,0.2459621505,0.5537315050,0.2003063446,0.0046325709
17.0000000000,68.0000000000,0.2247628208,0.5119412560,0.2632959232,0.2258407354,0.5143964170,0.2597628476,0.0047728969
17.0000000000,69.0000000000,0.2037852552,0.5797673414,0.2164474033,0.2048792804,0.5828798338,0.2122408858,0.0053398525
17.0000000000,70.0000000000,0.1845875975,0.6137917054,0.2016206971,0.1855586560,0.6170206745,0.1974206695,0.0052331619
18.0000000000,45.0000000000,0.3813269321,0.2971614352,0.3215116327,0.3901752821,0.3040568001,0.3057679178,0.0226778844
18.0000000000,46.0000000000,0.2410202459,0.3679833007,0.3909964534,0.2469968698,0.3771082511,0.3758948791,0.0241971645
18.0000000000,47.0000000000,0.2706673855,0.3735769131,0.3557557014,0.2780564286,0.3837753191,0.3381682524,0.0265738975
18.0000000000,48.0000000000,0.3346387118,0.3652378180,0.3001234702,0.3446417453,0.3761555211,0.2792027336,0.0290244394
18.0000000000,49.0000000000,0.4295017044,0.3370546531,0.2334436424,0.4423129455,0.3471083697,0.2105786848,0.0289642010
18.0000000000,50.0000000000,0.4283521438,0.3589812724,0.2126665838,0.4387844476,0.3677240831,0.1934914693,0.0237754639
18.0000000000,51.0000000000,0.2727922239,0.4740058473,0.2532019288,0.2771247067,0.4815340025,0.2413412908,0.0156336939
18.0000000000,52.0000000000,0.2062709423,0.5316309082,0.2620981495,0.2087009001,0.5378937421,0.2534053578,0.0116432548
18.0000000000,53.0000000000,0.1712093681,0.5702149278,0.2585757040,0.1729212436,0.5759163502,0.2511624062,0.0098997405
18.0000000000,54.0000000000,0.1764232265,0.5760048887,0.2475718849,0.1781685529,0.5817032120,0.2401282351,0.0097959289
18.0000000000,55.0000000000,0.2035893078,0.5698011781,0.2266095141,0.2059847150,0.5765053901,0.2175098948,0.0116290534
18.0000000000,58.0000000000,0.1557504924,0.6897383387,0.1545111688,0.1622973264,0.7187308786,0.1189717950,0.0403385200
18.0000000000,60.0000000000,0.1852532815,0.6861546754,0.1285920431,0.1950457106,0.7224245920,0.0825296974,0.0502058166
18.0000000000,61.0000000000,0.1905605881,0.6888229233,0.1206164886,0.1985251808,0.7176126858,0.0838621333,0.0401188038
18.0000000000,63.0000000000,0.2063703735,0.6716680001,0.1219616264,0.2099310174,0.6832567300,0.1068122526,0.0169610184
18.0000000000,64.0000000000,0.2218413689,0.6468222239,0.1313364071,0.2244602296,0.6544580282,0.1210817423,0.0116673704
18.0000000000,65.0000000000,0.2360873666,0.6077358816,0.1561767518,0.2381740851,0.6131075104,0.1487184046,0.0087613162
18.0000000000,66.0000000000,0.2432960615,0.5832716975,0.1734322410,0.2449561560,0.5872515651,0.1677922789,0.0067771086
18.0000000000,67.0000000000,0.2644202279,0.5444103862,0.1911693859,0.2657804849,0.5472109965,0.1870085187,0.0051179715
18.0000000000,68.0000000000,0.2436870803,0.5289973261,0.2273155936,0.2447746836,0.5313583017,0.2238670147,0.0044432836
18.0000000000,69.0000000000,0.3064100286,0.4401562275,0.2534337438,0.3079629491,0.4423869888,0.2496500621,0.0050425562
18.0000000000,70.0000000000,0.2070624097,0.5991082481,0.1938293422,0.2081245210,0.6021813298,0.1896941492,0.0051032496
19.0000000000,45.0000000000,0.3595337903,0.3220036616,0.3184625481,0.3686032597,0.3301264095,0.3012703309,0.0246049624
19.0000000000,46.0000000000,0.2158622024,0.3951936406,0.3889441570,0.2215956166,0.4056901925,0.3727141909,0.0258733194
19.0000000000,47.0000000000,0.2354777090,0.4011631973,0.3633590937,0.2417802791,0.4119003460,0.3463193749,0.0260673456
19.0000000000,48.0000000000,0.3346670311,0.3689916705,0.2963412984,0.3429206064,0.3780917617,0.2789876319,0.0240684727
19.0000000000,49.0000000000,0.4521482479,0.3230806605,0.2247710917,0.4623373537,0.3303612439,0.2073014024,0.0220382492
19.0000000000,50.0000000000,0.4403327546,0.3496520361,0.2100152093,0.4488166684,0.3563887999,0.1947945318,0.0189028492
19.0000000000,51.0000000000,0.3093628106,0.4540721848,0.2365650045,0.3136756685,0.4604024506,0.2259218809,0.0137494181
19.0000000000,52.0000000000,0.2449121557,0.5127026029,0.2423852414,0.2476075853,0.5183452536,0.2340471611,0.0108858925
19.0000000000,53.0000000000,0.2219432032,0.5512862432,0.2267705536,0.2241161452,0.5566836288,0.2192002260,0.0096956068
19.0000000000,54.0000000000,0.2092530529,0.5730526020,0.2176943451,0.2113183264,0.5787084829,0.2099731906,0.0097732815
19.0000000000,55.0000000000,0.1927783205,0.5951246638,0.2120970158,0.1949305321,0.6017687419,0.2033007259,0.0110409161
19.0000000000,64.0000000000,0.2326046998,0.6359243506,0.1314709496,0.2356218411,0.6441729958,0.1202051631,0.0128050155
19.0000000000,65.0000000000,0.2455775116,0.6027737730,0.1516487154,0.2479764906,0.6086621038,0.1433614056,0.0096742196
19.0000000000,66.0000000000,0.2586916268,0.5721498717,0.1691585016,0.2606754762,0.5765375637,0.1627869601,0.0076104183
19.0000000000,67.0000000000,0.2790967777,0.5368124809,0.1840907414,0.2807748416,0.5400400554,0.1791851030,0.0059765465
19.0000000000,68.0000000000,0.2937113178,0.5103832097,0.1959054725,0.2951245001,0.5128389016,0.1920365983,0.0047884275
19.0000000000,69.0000000000,0.2717082879,0.4926056032,0.2356861089,0.2729970744,0.4949421659,0.2320607597,0.0047208802
19.0000000000,70.0000000000,0.2313379303,0.5493807073,0.2192813624,0.2324929816,0.5521237200,0.2153832984,0.0049681124
20.0000000000,45.0000000000,0.2093521964,0.4071482280,0.3834995757,0.2150286534,0.4181878037,0.3667835429,0.0263986075
20.0000000000,46.0000000000,0.1721128027,0.4303726722,0.3975145251,0.1768611856,0.4422461307,0.3808926837,0.0268480777
20.0000000000,47.0000000000,0.1937240083,0.4351564633,0.3711195284,0.1989358635,0.4468636980,0.3542004385,0.0261986704
20.0000000000,48.0000000000,0.2518066709,0.4218543452,0.3263389839,0.2576538098,0.4316501179,0.3106960723,0.0226937798
20.0000000000,49.0000000000,0.3961460882,0.3627707969,0.2410831149,0.4040687494,0.3700259743,0.2259052763,0.0196072110
20.0000000000,50.0000000000,0.4032494991,0.3775149285,0.2192355724,0.4102585551,0.3840766808,0.2056647641,0.0170844849
20.0000000000,51.0000000000,0.3012662387,0.4654439888,0.2332897725,0.3052030135,0.4715261446,0.2232708419,0.0128988728
20.0000000000,52.0000000000,0.2810857285,0.4930081276,0.2259061439,0.2840200559,0.4981547682,0.2178251759,0.0103314090
20.0000000000,53.0000000000,0.2268676205,0.5520785549,0.2210538246,0.2289720255,0.5571995892,0.2138283853,0.0091906642
20.0000000000,54.0000000000,0.2451806510,0.5557495992,0.1990697497,0.2474020508,0.5607848335,0.1918131157,0.0089789060
20.0000000000,55.0000000000,0.2743830999,0.5453968593,0.1802200408,0.2770912345,0.5507798736,0.1721288919,0.0097734404
20.0000000000,64.0000000000,0.2467968989,0.6154833937,0.1377197074,0.2501474098,0.6238391867,0.1260134035,0.0133941458
20.0000000000,65.0000000000,0.2459015225,0.6086360845,0.1454623930,0.2485481124,0.6151867153,0.1362651724,0.0106481994
20.0000000000,66.0000000000,0.2727909649,0.5623706103,0.1648384248,0.2751255183,0.5671833951,0.1576910866,0.0084854120
20.0000000000,67.0000000000,0.2997496974,0.5193393097,0.1809109930,0.3017416336,0.5227904918,0.1754678747,0.0066014630
20.0000000000,68.0000000000,0.3170853416,0.4882014240,0.1947132344,0.3187042912,0.4906940447,0.1906016641,0.0050797860
20.0000000000,69.0000000000,0.3077677699,0.4742383080,0.2179939222,0.3091878838,0.4764265567,0.2143855596,0.0045930452
20.0000000000,70.0000000000,0.4405451562,0.3155774187,0.2438774251,0.4427298564,0.3171423934,0.2401277502,0.0049346122
20.0000000000,71.0000000000,0.2624885651,0.5095904775,0.2279209574,0.2637344862,0.5120092859,0.2242562280,0.0047241493
21.0000000000,45.0000000000,0.2873434843,0.3807207553,0.3319357604,0.2948061843,0.3906085897,0.3145852261,0.0253139194
21.0000000000,46.0000000000,0.1823642610,0.4352711208,0.3823646182,0.1871516005,0.4466976506,0.3661507489,0.0255800087
21.0000000000,47.0000000000,0.1930898994,0.4447748092,0.3621352914,0.1980216099,0.4561348060,0.3458435841,0.0249049110
21.0000000000,48.0000000000,0.2105191807,0.4513387483,0.3381420711,0.2152326731,0.4614441542,0.3233231728,0.0218995209
21.0000000000,49.0000000000,0.3072150463,0.4190457453,0.2737392083,0.3129593940,0.4268811182,0.2601594877,0.0183549297
21.0000000000,50.0000000000,0.3229162223,0.4295480725,0.2475357052,0.3279420756,0.4362335390,0.2358243854,0.0153254299
21.0000000000,51.0000000000,0.2844399821,0.4731559447,0.2424040732,0.2878875884,0.4788909169,0.2332214947,0.0119755294
21.0000000000,52.0000000000,0.2684398541,0.4991061767,0.2324539692,0.2711020419,0.5040559423,0.2248420158,0.0098198736
21.0000000000,53.0000000000,0.2559190893,0.5263235206,0.2177573901,0.2581649431,0.5309423463,0.2108927106,0.0086992979
21.0000000000,54.0000000000,0.2740983753,0.5296066190,0.1962950057,0.2763900255,0.5340344932,0.1895754812,0.0082913637
21.0000000000,55.0000000000,0.2938293315,0.5273474753,0.1788231932,0.2963840738,0.5319325754,0.1716833508,0.0086197016
21.0000000000,56.0000000000,0.3249612867,0.5181267312,0.1569119821,0.3280161863,0.5229975427,0.1489862710,0.0093132588
21.0000000000,57.0000000000,0.3532448614,0.5161056971,0.1306494415,0.3571300182,0.5217820756,0.1210879063,0.0108788300
21.0000000000,58.0000000000,0.2986417387,0.5886980949,0.1126601664,0.3027129586,0.5967234949,0.1005635466,0.0134491100
21.0000000000,61.0000000000,0.2391267425,0.6543458237,0.1065274338,0.2447455224,0.6697210391,0.0855334384,0.0229576414
21.0000000000,62.0000000000,0.2149245458,0.6712052375,0.1138702167,0.2191404569,0.6843714471,0.0964880959,0.0192383971
21.0000000000,63.0000000000,0.2197935367,0.6598875884,0.1203188749,0.2233259155,0.6704928725,0.1061812120,0.0158171467
21.0000000000,64.0000000000,0.2192721171,0.6513770946,0.1293507884,0.2222664125,0.6602720488,0.1174615387,0.0134716504
21.0000000000,65.0000000000,0.2533110747,0.5994702514,0.1472186739,0.2562334543,0.6063861734,0.1373803723,0.0114051447
21.0000000000,66.0000000000,0.2753707967,0.5640036193,0.1606255840,0.2778733724,0.5691292963,0.1529973312,0.0090061732
21.0000000000,67.0000000000,0.3096807586,0.5118527586,0.1784664828,0.3118931924,0.5155095577,0.1725972499,0.0070935622
21.0000000000,68.0000000000,0.3490806828,0.4567345245,0.1941847927,0.3509767709,0.4592153518,0.1898078773,0.0054023179
21.0000000000,69.0000000000,0.3420877828,0.4423837598,0.2155284574,0.3436437439,0.4443959096,0.2119603465,0.0045278317
21.0000000000,70.0000000000,0.2953041203,0.4656478668,0.2390480129,0.2967780643,0.4679720431,0.2352498926,0.0049664856
21.0000000000,71.0000000000,0.3217350277,0.4700755344,0.2081894379,0.3232722368,0.4723214957,0.2044062675,0.0047551536
22.0000000000,45.0000000000,0.2814400245,0.3860847922,0.3324751833,0.2877444465,0.3947333186,0.3175222349,0.0219097957
22.0000000000,46.0000000000,0.4015494044,0.3273155310,0.2711350646,0.4101505025,0.3343265563,0.2555229412,0.0209705903
22.0000000000,47.0000000000,0.3339409283,0.3741406036,0.2919184681,0.3413600921,0.3824528834,0.2761870244,0.0217341278
22.0000000000,48.0000000000,0.2625605013,0.4203502826,0.3170892161,0.2675871379,0.4283977540,0.3040151081,0.0187850457
22.0000000000,49.0000000000,0.3213198629,0.3985807157,0.2800994214,0.3260704620,0.4044735888,0.2694559492,0.0145692408
22.0000000000,50.0000000000,0.3378321401,0.4073956003,0.2547722596,0.3421535153,0.4126067956,0.2452396891,0.0126299307
22.0000000000,51.0000000000,0.2920934150,0.4546607786,0.2532458064,0.2951904375,0.4594814785,0.2453280840,0.0104916086
22.0000000000,52.0000000000,0.2902106665,0.4744387264,0.2353506071,0.2928664033,0.4787803463,0.2283532504,0.0090680829
22.0000000000,53.0000000000,0.2966103724,0.4888497828,0.2145398448,0.2990726151,0.4929078566,0.2080195283,0.0082329258
22.0000000000,54.0000000000,0.3301068082,0.4807900864,0.1891031055,0.3327022547,0.4845702719,0.1827274734,0.0078011090
22.0000000000,55.0000000000,0.3458057725,0.4828285929,0.1713656346,0.3486244648,0.4867641698,0.1646113654,0.0080851821
22.0000000000,56.0000000000,0.3719224013,0.4775838268,0.1504937720,0.3751236678,0.4816945582,0.1431817741,0.0085338963
22.0000000000,57.0000000000,0.3704228833,0.4958300248,0.1337470919,0.3739689520,0.5005766197,0.1254544283,0.0094822544
22.0000000000,58.0000000000,0.3605021799,0.5257655375,0.1137322826,0.3644195857,0.5314787816,0.1041016326,0.0107497126
22.0000000000,59.0000000000,0.3042720432,0.5866999760,0.1090279808,0.3083843916,0.5946294415,0.0969861669,0.0133351378
22.0000000000,61.0000000000,0.2408875677,0.6514769088,0.1076355236,0.2457807933,0.6647105662,0.0895086405,0.0199089018
22.0000000000,62.0000000000,0.2190829779,0.6646817777,0.1162352443,0.2227594528,0.6758359345,0.1014046127,0.0165042375
22.0000000000,63.0000000000,0.2187494679,0.6560488084,0.1252017237,0.2217592320,0.6650753546,0.1131654134,0.0135722158
22.0000000000,64.0000000000,0.2377199419,0.6293047333,0.1329753248,0.2405952414,0.6369163772,0.1224883814,0.0119507745
22.0000000000,66.0000000000,0.2825178081,0.5553850485,0.1620971434,0.2851011811,0.5604635488,0.1544352701,0.0090612500
22.0000000000,67.0000000000,0.3144138192,0.5070034070,0.1785827737,0.3167201902,0.5107225118,0.1725572981,0.0072820458
22.0000000000,68.0000000000,0.3447344670,0.4625239147,0.1927416183,0.3467530771,0.4652322468,0.1880146761,0.0058214626
22.0000000000,69.0000000000,0.3793399997,0.4184706647,0.2021893356,0.3811509796,0.4204684554,0.1983805650,0.0047513451
22.0000000000,70.0000000000,0.3276826662,0.4472362283,0.2250811055,0.3293303585,0.4494850738,0.2211845677,0.0050031595
22.0000000000,71.0000000000,0.3106979868,0.4495161797,0.2397858335,0.3122161083,0.4517125898,0.2360713018,0.0048624063
23.0000000000,45.0000000000,0.2390838451,0.4154567264,0.3454594285,0.2444174828,0.4247250048,0.3308575124,0.0218218337
23.0000000000,46.0000000000,0.3947890544,0.3368041287,0.2684068169,0.4030511698,0.3438527399,0.2530960903,0.0204989242
23.0000000000,47.0000000000,0.3713901140,0.3548054434,0.2738044426,0.3787642153,0.3618502493,0.2593855354,0.0194688436
23.0000000000,48.0000000000,0.3343328503,0.3738357763,0.2918313734,0.3392289771,0.3793104024,0.2814606204,0.0144331031
23.0000000000,49.0000000000,0.3773913271,0.3590392463,0.2635694266,0.3820511665,0.3634724835,0.2544763500,0.0121968990
23.0000000000,50.0000000000,0.3221828183,0.4084793472,0.2693378345,0.3257423132,0.4129922512,0.2612654356,0.0109273335
23.0000000000,51.0000000000,0.3203139577,0.4282410262,0.2514450161,0.3234732872,0.4324648649,0.2440618479,0.0097668946
23.0000000000,52.0000000000,0.3209310795,0.4449935133,0.2340754071,0.3237519181,0.4489048044,0.2273432776,0.0087129632
23.0000000000,53.0000000000,0.3257534090,0.4587319775,0.2155146135,0.3284159225,0.4624813784,0.2091026990,0.0081071391
23.0000000000,54.0000000000,0.3571881431,0.4527415379,0.1900703190,0.3600092100,0.4563172841,0.1836735059,0.0078360964
23.0000000000,55.0000000000,0.3819408841,0.4504995104,0.1675596055,0.3850867163,0.4542100214,0.1607032623,0.0081691526
23.0000000000,56.0000000000,0.3677181368,0.4769390876,0.1553427756,0.3709720780,0.4811595260,0.1478683960,0.0087713911
23.0000000000,57.0000000000,0.3693829317,0.4938090481,0.1368080202,0.3728564900,0.4984526696,0.1286908404,0.0093160731
23.0000000000,58.0000000000,0.3542652322,0.5244394948,0.1212952731,0.3578068445,0.5296823501,0.1125108054,0.0098981122
23.0000000000,59.0000000000,0.3026365156,0.5815196864,0.1158437980,0.3061752116,0.5883193332,0.1055054552,0.0115577483
23.0000000000,60.0000000000,0.2773731849,0.6129020700,0.1097247451,0.2813245072,0.6216331720,0.0970423208,0.0140454249
23.0000000000,61.0000000000,0.2420234172,0.6470562134,0.1109203695,0.2462862336,0.6584529695,0.0952607968,0.0173083830
23.0000000000,62.0000000000,0.2289564983,0.6526912645,0.1183522372,0.2324007117,0.6625097587,0.1050895296,0.0148201502
23.0000000000,63.0000000000,0.2333724676,0.6382001567,0.1284273757,0.2361703662,0.6458515276,0.1179781063,0.0118469502
23.0000000000,64.0000000000,0.2529319189,0.6094920890,0.1375759920,0.2556000965,0.6159216180,0.1284782855,0.0104388753
23.0000000000,65.0000000000,0.2783514861,0.5761394920,0.1455090218,0.2810548182,0.5817349224,0.1372102594,0.0096185224
23.0000000000,66.0000000000,0.3022605285,0.5270455418,0.1706939297,0.3048308973,0.5315274416,0.1636416610,0.0084321138
23.0000000000,67.0000000000,0.3139648925,0.5056698458,0.1803652617,0.3161933456,0.5092589781,0.1745476763,0.0070477545
23.0000000000,68.0000000000,0.3472582655,0.4581147682,0.1946269663,0.3492646654,0.4607616783,0.1899736563,0.0057446403
23.0000000000,69.0000000000,0.3800201935,0.4176220625,0.2023577440,0.3819105195,0.4196994307,0.1983900498,0.0049496570
23.0000000000,70.0000000000,0.3355578909,0.4318149765,0.2326271326,0.3372601341,0.4340055199,0.2287343460,0.0050472707
23.0000000000,71.0000000000,0.3561928337,0.4382712120,0.2055359543,0.3579940877,0.4404875333,0.2015183790,0.0050315188
24.0000000000,45.0000000000,0.2478914038,0.4211857004,0.3309228959,0.2537154315,0.4310811512,0.3152034172,0.0229549607
24.0000000000,46.0000000000,0.3610793253,0.3655960891,0.2733245855,0.3692561724,0.3738752209,0.2568686067,0.0221441040
24.0000000000,47.0000000000,0.3219534995,0.3772393765,0.3008071241,0.3272890170,0.3834911094,0.2892198736,0.0163021588
24.0000000000,48.0000000000,0.4250845814,0.3206905362,0.2542248823,0.4307893577,0.3249943097,0.2442163325,0.0132426119
24.0000000000,49.0000000000,0.3983621530,0.3451384792,0.2564993678,0.4031174513,0.3492584399,0.2476241088,0.0117963097
24.0000000000,50.0000000000,0.3314525427,0.3988834568,0.2696640005,0.3349407694,0.4030813305,0.2619779001,0.0104144582
24.0000000000,51.0000000000,0.3535407578,0.4016613365,0.2447979057,0.3569072173,0.4054860061,0.2376067765,0.0094323099
24.0000000000,52.0000000000,0.3459266346,0.4215904938,0.2324828716,0.3489121255,0.4252289953,0.2258588792,0.0085565696
24.0000000000,53.0000000000,0.3573619981,0.4290270540,0.2136109479,0.3602960879,0.4325495435,0.2071543686,0.0081435515
24.0000000000,54.0000000000,0.3953008652,0.4192968113,0.1854023235,0.3984948868,0.4226847195,0.1788203937,0.0080152135
24.0000000000,55.0000000000,0.4050267316,0.4273752038,0.1675980646,0.4084224098,0.4309582480,0.1606193423,0.0083141329
24.0000000000,56.0000000000,0.3958813062,0.4507881815,0.1533305124,0.3994352355,0.4548350241,0.1457297403,0.0088973857
24.0000000000,57.0000000000,0.3744709443,0.4850607985,0.1404682572,0.3779796573,0.4896057148,0.1324146279,0.0092828090
24.0000000000,58.0000000000,0.3416125543,0.5303201279,0.1280673177,0.3449282487,0.5354674196,0.1196043316,0.0096127076
24.0000000000,59.0000000000,0.2823074643,0.5955116409,0.1221808949,0.2854234460,0.6020846283,0.1124919257,0.0109170491
24.0000000000,60.0000000000,0.2638905236,0.6215185514,0.1145909251,0.2673990081,0.6297817819,0.1028192100,0.0131207837
24.0000000000,61.0000000000,0.2385953812,0.6478005738,0.1136040450,0.2425221888,0.6584620886,0.0990157227,0.0161915393
24.0000000000,62.0000000000,0.2438657650,0.6369580070,0.1191762280,0.2472755609,0.6458641231,0.1068603160,0.0137894579
24.0000000000,63.0000000000,0.2527582000,0.6167875103,0.1304542897,0.2555268108,0.6235435506,0.1209296386,0.0108349132
24.0000000000,64.0000000000,0.2693905093,0.5890803583,0.1415291325,0.2719650271,0.5947100958,0.1333248771,0.0094663561
24.0000000000,65.0000000000,0.2845460684,0.5645067296,0.1509472021,0.2870213950,0.5694174933,0.1435611118,0.0086241883
24.0000000000,66.0000000000,0.3051131579,0.5222691043,0.1726177379,0.3074321263,0.5262385350,0.1663293387,0.0075430256
24.0000000000,67.0000000000,0.3165095766,0.5003530198,0.1831374036,0.3185695641,0.5036095436,0.1778208923,0.0064663663
24.0000000000,68.0000000000,0.3389729341,0.4641249827,0.1969020831,0.3408142554,0.4666461374,0.1925396073,0.0054027119
24.0000000000,69.0000000000,0.3809473781,0.4122132866,0.2068393353,0.3827933062,0.4142107175,0.2029959763,0.0048222579
24.0000000000,70.0000000000,0.3499504990,0.4320450010,0.2180045000,0.3516616834,0.4341576102,0.2141807064,0.0048659961
24.0000000000,71.0000000000,0.3540483790,0.4340951345,0.2118564865,0.3558509197,0.4363052114,0.2078438689,0.0050654378
25.0000000000,45.0000000000,0.2281902576,0.4381232350,0.3336865074,0.2337335217,0.4487662521,0.3175002261,0.0237161709
25.0000000000,46.0000000000,0.3899255856,0.3465706970,0.2635037174,0.3976671561,0.3534515010,0.2488813429,0.0194674627
25.0000000000,47.0000000000,0.4327036363,0.3170987979,0.2501975658,0.4396516997,0.3221905568,0.2381577435,0.0158035632
25.0000000000,48.0000000000,0.4223185956,0.3295067102,0.2481746942,0.4287690708,0.3345395808,0.2366913484,0.0150441709
25.0000000000,49.0000000000,0.3498375835,0.3748423261,0.2753200903,0.3540796221,0.3793875656,0.2665328123,0.0119804651
25.0000000000,50.0000000000,0.3520559498,0.3840969717,0.2638470785,0.3557672732,0.3881460669,0.2560866599,0.0104318852
25.0000000000,51.0000000000,0.3666633813,0.3884409402,0.2448956785,0.3701092266,0.3920914477,0.2377993257,0.0093103471
25.0000000000,52.0000000000,0.3761390755,0.3941804016,0.2296805229,0.3793360176,0.3975306834,0.2231332990,0.0084277314
25.0000000000,53.0000000000,0.4038133597,0.3901332553,0.2060533850,0.4070713896,0.3932809120,0.1996476984,0.0080035837
25.0000000000,54.0000000000,0.3998116331,0.4079450704,0.1922432964,0.4030267411,0.4112255839,0.1857476750,0.0079774060
25.0000000000,55.0000000000,0.4137348289,0.4153132123,0.1709519589,0.4171595449,0.4187509934,0.1640894617,0.0082096072
25.0000000000,56.0000000000,0.4256779716,0.4226992990,0.1516227294,0.4294507040,0.4264456317,0.1441036643,0.0087850184
25.0000000000,57.0000000000,0.3852856023,0.4721549460,0.1425594517,0.3889387593,0.4766317708,0.1344294699,0.0093926278
25.0000000000,58.0000000000,0.3402462744,0.5264946818,0.1332590437,0.3436975397,0.5318351454,0.1244673148,0.0100415771
25.0000000000,59.0000000000,0.2852625847,0.5894445513,0.1252928641,0.2884985544,0.5961311090,0.1153703366,0.0112165892
25.0000000000,60.0000000000,0.2574441282,0.6249905803,0.1175652915,0.2609561956,0.6335167374,0.1055270670,0.0134584558
25.0000000000,61.0000000000,0.2412363789,0.6426195878,0.1161440333,0.2452675971,0.6533581830,0.1013742198,0.0164360002
25.0000000000,62.0000000000,0.2564115896,0.6223069366,0.1212814738,0.2600277689,0.6310833474,0.1088888837,0.0139068965
25.0000000000,63.0000000000,0.2562267752,0.6103375018,0.1334357230,0.2590382692,0.6170345389,0.1239271918,0.0108535855
25.0000000000,64.0000000000,0.2687866776,0.5848563101,0.1463570123,0.2712352307,0.5901841474,0.1385806220,0.0090274152
25.0000000000,65.0000000000,0.2892057835,0.5546337763,0.1561604402,0.2915191260,0.5590702639,0.1494106101,0.0079354741
25.0000000000,66.0000000000,0.3036284878,0.5302557842,0.1661157280,0.3057194456,0.5339074260,0.1603731284,0.0068394662
25.0000000000,67.0000000000,0.3162693640,0.4919806896,0.1917499464,0.3181433639,0.4948958367,0.1869607994,0.0058904257
25.0000000000,68.0000000000,0.3365331863,0.4595043546,0.2039624591,0.3382630194,0.4618662787,0.1998707018,0.0051138701
25.0000000000,69.0000000000,0.3794078856,0.4101777963,0.2104143181,0.3812029384,0.4121184276,0.2066786340,0.0047089164
25.0000000000,70.0000000000,0.3558486373,0.4310924597,0.2130589030,0.3575524803,0.4331565786,0.2092909412,0.0047652949
25.0000000000,71.0000000000,0.3593073672,0.4286512261,0.2120414066,0.3610815836,0.4307678541,0.2081505623,0.0049136163
26.0000000000,45.0000000000,0.2186425404,0.4502567985,0.3311006611,0.2242621403,0.4618294004,0.3139084593,0.0250581748
26.0000000000,46.0000000000,0.3619135771,0.3669411914,0.2711452315,0.3696861075,0.3748216959,0.2554921967,0.0210246753
26.0000000000,47.0000000000,0.3719737503,0.3630673154,0.2649589343,0.3793065703,0.3702245604,0.2504688693,0.0193321723
26.0000000000,48.0000000000,0.3346663499,0.3843380244,0.2809956258,0.3401115359,0.3905913930,0.2692970712,0.0160100010
26.0000000000,49.0000000000,0.3350471343,0.3821892442,0.2827636215,0.3392259456,0.3869560265,0.2738180279,0.0123186666
26.0000000000,50.0000000000,0.3356140205,0.3889314320,0.2754545475,0.3391800033,0.3930639256,0.2677560711,0.0105135408
26.0000000000,51.0000000000,0.3498050778,0.3930650652,0.2571298570,0.3530880865,0.3967540798,0.2501578336,0.0092979879
26.0000000000,52.0000000000,0.3808919731,0.3852136922,0.2338943347,0.3841160669,0.3884743676,0.2274095656,0.0083935405
26.0000000000,53.0000000000,0.3990775321,0.3874735641,0.2134489038,0.4022463586,0.3905502507,0.2072033907,0.0078778253
26.0000000000,54.0000000000,0.4054999212,0.3992132436,0.1952868352,0.4087785641,0.4024410560,0.1887803799,0.0080205841
26.0000000000,55.0000000000,0.4130293594,0.4117409219,0.1752297187,0.4165448410,0.4152454371,0.1682097219,0.0084396236
26.0000000000,56.0000000000,0.4062154300,0.4356141358,0.1581704343,0.4100412746,0.4397168652,0.1502418602,0.0093303890
26.0000000000,57.0000000000,0.3832800763,0.4733189880,0.1434009357,0.3873706298,0.4783704810,0.1342588891,0.0105597926
26.0000000000,58.0000000000,0.3293456732,0.5395990641,0.1310552627,0.3333330854,0.5461320296,0.1205348849,0.0119622457
26.0000000000,59.0000000000,0.2745495448,0.6021065957,0.1233438594,0.2782695308,0.6102647884,0.1114656809,0.0133682834
26.0000000000,60.0000000000,0.2593159955,0.6221762470,0.1185077575,0.2632935712,0.6317196348,0.1049867939,0.0151069989
26.0000000000,61.0000000000,0.2497808738,0.6331646442,0.1170544820,0.2541107659,0.6441404027,0.1017488314,0.0170393885
26.0000000000,62.0000000000,0.2616629456,0.6140308891,0.1243061653,0.2654960271,0.6230257830,0.1114781900,0.0144374344
26.0000000000,63.0000000000,0.2626896242,0.6004916006,0.1368187752,0.2656473368,0.6072527417,0.1270999215,0.0111339820
26.0000000000,64.0000000000,0.2739261725,0.5752863369,0.1507874906,0.2763784344,0.5804364573,0.1431851084,0.0088728409
26.0000000000,65.0000000000,0.2959941212,0.5403071913,0.1636986875,0.2981881697,0.5443122040,0.1574996263,0.0073579328
26.0000000000,66.0000000000,0.3180949052,0.5070508238,0.1748542710,0.3200860938,0.5102248256,0.1696890806,0.0062207906
26.0000000000,67.0000000000,0.3272316469,0.4719828026,0.2007855504,0.3289957494,0.4745272571,0.1964769935,0.0053620829
26.0000000000,68.0000000000,0.3394728602,0.4482902764,0.2122368634,0.3411044395,0.4504448555,0.2084507050,0.0047832250
26.0000000000,69.0000000000,0.3660959527,0.4184763602,0.2154276871,0.3677041020,0.4203146008,0.2119812972,0.0043734874
26.0000000000,70.0000000000,0.3498162185,0.4247604372,0.2254233443,0.3513849809,0.4266652893,0.2219497298,0.0044645116
26.0000000000,71.0000000000,0.3527311019,0.4233530501,0.2239158480,0.3543861243,0.4253394323,0.2202744434,0.0046701106
27.0000000000,45.0000000000,0.2067403437,0.4590748039,0.3341848524,0.2124033851,0.4716498030,0.3159468119,0.0266617287
27.0000000000,46.0000000000,0.2888837356,0.4097421258,0.3013741386,0.2954144551,0.4190050595,0.2855804855,0.0221069733
27.0000000000,47.0000000000,0.3423942239,0.3779651344,0.2796406417,0.3488055776,0.3850425556,0.2661518668,0.0183808806
27.0000000000,48.0000000000,0.3378962967,0.3744139819,0.2876897214,0.3427925127,0.3798393497,0.2773681376,0.0142833223
27.0000000000,49.0000000000,0.3691118636,0.3566110801,0.2742770563,0.3733842301,0.3607387536,0.2658770163,0.0114422790
27.0000000000,50.0000000000,0.3742948795,0.3630561935,0.2626489270,0.3781159057,0.3667624885,0.2551216058,0.0101054364
27.0000000000,51.0000000000,0.3836030024,0.3694977463,0.2468992513,0.3871273562,0.3728925081,0.2399801357,0.0091038615
27.0000000000,52.0000000000,0.4077541264,0.3667726053,0.2254732683,0.4112171853,0.3698876079,0.2188952068,0.0084214840
27.0000000000,53.0000000000,0.4010415754,0.3820266279,0.2169317967,0.4042336048,0.3850673107,0.2106990845,0.0078964969
27.0000000000,54.0000000000,0.4222539725,0.3853255741,0.1924204534,0.4256876209,0.3884589313,0.1858534478,0.0080661222
27.0000000000,55.0000000000,0.4250001518,0.4042606285,0.1707392197,0.4288165683,0.4078908082,0.1632926235,0.0088998811
27.0000000000,56.0000000000,0.3989387611,0.4447054223,0.1563558167,0.4032162265,0.4494736029,0.1473101705,0.0106083664
27.0000000000,57.0000000000,0.3704888600,0.4917242481,0.1377868919,0.3756254620,0.4985417047,0.1258328333,0.0136747971
27.0000000000,58.0000000000,0.3187122841,0.5530257293,0.1282619866,0.3241249842,0.5624177816,0.1134572342,0.0166994227
27.0000000000,59.0000000000,0.2629442779,0.6141532114,0.1229025107,0.2678411868,0.6255908146,0.1065679986,0.0182828823
27.0000000000,60.0000000000,0.2630278205,0.6186833346,0.1182888449,0.2679299074,0.6302138241,0.1018562685,0.0182961545
27.0000000000,61.0000000000,0.2504126513,0.6274487267,0.1221386221,0.2549935194,0.6389268203,0.1060796604,0.0179646452
27.0000000000,62.0000000000,0.2568616431,0.6140264247,0.1291119321,0.2608031272,0.6234485220,0.1157483508,0.0151128712
27.0000000000,63.0000000000,0.2647354611,0.5931242100,0.1421403289,0.2678289033,0.6000548851,0.1321162116,0.0115500686
27.0000000000,64.0000000000,0.2753679426,0.5673730684,0.1572589890,0.2778187000,0.5724226531,0.1497586469,0.0088214271
27.0000000000,65.0000000000,0.3041789915,0.5250463137,0.1707746948,0.3063094909,0.5287237893,0.1649667198,0.0069553815
27.0000000000,66.0000000000,0.3274423885,0.4725186393,0.2000389722,0.3293641523,0.4752918575,0.1953439902,0.0058347691
27.0000000000,67.0000000000,0.3394068613,0.4485465132,0.2120466255,0.3411283324,0.4508215405,0.2080501270,0.0050464033
27.0000000000,68.0000000000,0.3421189922,0.4425505391,0.2153304686,0.3436887900,0.4445811626,0.2117300474,0.0045674977
27.0000000000,69.0000000000,0.3601055196,0.4192034769,0.2206910036,0.3616732763,0.4210285227,0.2172982009,0.0043347321
27.0000000000,70.0000000000,0.3586516989,0.4194305230,0.2219177782,0.3601870257,0.4212260335,0.2185869408,0.0042625822
27.0000000000,71.0000000000,0.3351460963,0.4252016349,0.2396522688,0.3366592483,0.4271213790,0.2362193727,0.0044946101
28.0000000000,45.0000000000,0.1838289455,0.4608276367,0.3553434178,0.1879705965,0.4712100455,0.3408193579,0.0220335049
28.0000000000,46.0000000000,0.2863518171,0.4007565854,0.3128915976,0.2915835557,0.4080785354,0.3003379089,0.0179425023
28.0000000000,47.0000000000,0.3357779539,0.3677769795,0.2964450667,0.3405677083,0.3730231888,0.2864091028,0.0140640300
28.0000000000,48.0000000000,0.3527685238,0.3545188386,0.2927126377,0.3568161898,0.3585865878,0.2845972224,0.0113438409
28.0000000000,49.0000000000,0.3918451778,0.3387877857,0.2693670365,0.3958985853,0.3422923457,0.2618090690,0.0102384995
28.0000000000,50.0000000000,0.3944569280,0.3491914876,0.2563515844,0.3982877101,0.3525826729,0.2491296171,0.0096181278
28.0000000000,51.0000000000,0.3923507069,0.3619991859,0.2456501072,0.3958605380,0.3652375030,0.2389019589,0.0088663324
28.0000000000,52.0000000000,0.4052661165,0.3652979041,0.2294359794,0.4086973667,0.3683907570,0.2229118763,0.0083955768
28.0000000000,53.0000000000,0.4144414042,0.3742648415,0.2112937543,0.4178437156,0.3773373278,0.2048189566,0.0081425454
28.0000000000,54.0000000000,0.4260690497,0.3838872571,0.1900436933,0.4296727908,0.3871342198,0.1831929894,0.0083871756
28.0000000000,55.0000000000,0.4139814267,0.4136669891,0.1723515841,0.4179891076,0.4176716259,0.1643392665,0.0095880030
28.0000000000,56.0000000000,0.3830836186,0.4624806807,0.1544357008,0.3879178925,0.4683168955,0.1437652120,0.0124621061
28.0000000000,57.0000000000,0.3353597143,0.5267558204,0.1378844653,0.3417252777,0.5367543308,0.1215203915,0.0186277219
28.0000000000,58.0000000000,0.2991694664,0.5733094760,0.1275210576,0.3064231011,0.5872098836,0.1063670153,0.0236719578
28.0000000000,59.0000000000,0.2644232799,0.6132762626,0.1223004575,0.2714129826,0.6294874628,0.0990995546,0.0257530152
28.0000000000,60.0000000000,0.2582702004,0.6215809926,0.1201488070,0.2647155089,0.6370929689,0.0981915222,0.0243480577
28.0000000000,61.0000000000,0.2603622502,0.6152926953,0.1243450544,0.2657329765,0.6279848912,0.1062821323,0.0202109891
28.0000000000,62.0000000000,0.2661155817,0.6002590901,0.1336253282,0.2704929101,0.6101327366,0.1193743533,0.0161827843
28.0000000000,63.0000000000,0.2856327795,0.5683852861,0.1459819344,0.2890325127,0.5751504703,0.1358170169,0.0117624597
28.0000000000,64.0000000000,0.2981258845,0.5405940907,0.1612800248,0.3007587327,0.5453682557,0.1538730116,0.0087540207
28.0000000000,65.0000000000,0.3196968908,0.4979282402,0.1823748690,0.3218564929,0.5012918228,0.1768516844,0.0067098292
28.0000000000,66.0000000000,0.3401241798,0.4473465516,0.2125292686,0.3420150177,0.4498334663,0.2081515161,0.0055285230
28.0000000000,67.0000000000,0.3533165062,0.4263397342,0.2203437597,0.3550186878,0.4283937216,0.2165875907,0.0047946253
28.0000000000,68.0000000000,0.3441452347,0.4345409920,0.2213137733,0.3456679964,0.4364637337,0.2178682698,0.0044052725
28.0000000000,69.0000000000,0.3640495586,0.4106494898,0.2253009516,0.3656219260,0.4124231271,0.2219549470,0.0043005281
28.0000000000,70.0000000000,0.3580865432,0.4191379776,0.2227754791,0.3596198536,0.4209327075,0.2194474389,0.0042636978
28.0000000000,71.0000000000,0.3361782671,0.4215412462,0.2422804867,0.3376777777,0.4234215152,0.2389007071,0.0044406553
29.0000000000,46.0000000000,0.2404842177,0.4095662698,0.3499495125,0.2440948803,0.4157155533,0.3401895664,0.0147920456
29.0000000000,47.0000000000,0.3417073112,0.3525256207,0.3057670681,0.3456556808,0.3565989941,0.2977453251,0.0114228403
29.0000000000,48.0000000000,0.3807430229,0.3326970326,0.2865599445,0.3845101184,0.3359887580,0.2795011236,0.0097971297
29.0000000000,49.0000000000,0.3878581214,0.3373828719,0.2747590067,0.3915836507,0.3406235667,0.2677927826,0.0095140064
29.0000000000,50.0000000000,0.3852789440,0.3519431951,0.2627778609,0.3889021382,0.3552528973,0.2558449645,0.0093164677
29.0000000000,51.0000000000,0.4024162309,0.3541561114,0.2434276577,0.4059941672,0.3573049605,0.2367008723,0.0088127776
29.0000000000,52.0000000000,0.4006897198,0.3684385439,0.2308717363,0.4041032784,0.3715773482,0.2243193734,0.0084472432
29.0000000000,53.0000000000,0.4118065406,0.3772071621,0.2109862973,0.4152329965,0.3803457322,0.2044212713,0.0082518873
29.0000000000,54.0000000000,0.4226482066,0.3872330588,0.1901187346,0.4262864563,0.3905664470,0.1831470967,0.0085347532
29.0000000000,55.0000000000,0.4018085237,0.4236277515,0.1745637249,0.4058866595,0.4279273405,0.1661860001,0.0100474744
29.0000000000,56.0000000000,0.3818618450,0.4655845289,0.1525536260,0.3870990059,0.4719699300,0.1409310641,0.0135292541
29.0000000000,57.0000000000,0.3345426502,0.5304674208,0.1349899290,0.3420013753,0.5422943454,0.1157042792,0.0218090502
29.0000000000,58.0000000000,0.2991920532,0.5745588813,0.1262490655,0.3081161102,0.5916963557,0.1001875341,0.0289632922
29.0000000000,59.0000000000,0.2556320167,0.6191001384,0.1252678449,0.2637565862,0.6387765553,0.0974668585,0.0308032859
29.0000000000,60.0000000000,0.2605002905,0.6172437349,0.1222559746,0.2681138133,0.6352836352,0.0966025514,0.0283966080
29.0000000000,61.0000000000,0.2744678175,0.5999797182,0.1255524644,0.2805779540,0.6133363223,0.1060857238,0.0217769658
29.0000000000,62.0000000000,0.2858196561,0.5787400406,0.1354403033,0.2907143764,0.5886510826,0.1206345410,0.0168368704
29.0000000000,63.0000000000,0.3060195998,0.5462131650,0.1477672352,0.3097202476,0.5528184366,0.1374613158,0.0119483561
29.0000000000,64.0000000000,0.3113326904,0.5241207227,0.1645465869,0.3140723639,0.5287328939,0.1571947422,0.0087230645
29.0000000000,65.0000000000,0.3183068235,0.4982783745,0.1834148021,0.3204255460,0.5015950286,0.1779794254,0.0066122148
29.0000000000,66.0000000000,0.3443694852,0.4330846056,0.2225459092,0.3461952101,0.4353806667,0.2184241232,0.0052736864
29.0000000000,67.0000000000,0.3573100924,0.4151151263,0.2275747813,0.3589570337,0.4170285070,0.2240144593,0.0045881293
29.0000000000,68.0000000000,0.3479203400,0.4251984972,0.2268811628,0.3494486300,0.4270662426,0.2234851274,0.0043734325
29.0000000000,69.0000000000,0.3711893431,0.4025181390,0.2262925179,0.3728026467,0.4042676073,0.2229297460,0.0043275005
29.0000000000,70.0000000000,0.3668214807,0.4116047190,0.2215738003,0.3684188820,0.4133971384,0.2181839796,0.0043358292
29.0000000000,71.0000000000,0.3458517378,0.4178884799,0.2362597822,0.3474037907,0.4197638067,0.2328324026,0.0044675761
