Lon,Lat,LCC_elev_BC4000_C,LCC_elev_BC4000_B,LCC_elev_BC4000_U,NLC_elev_BC4000_C,NLC_elev_BC4000_B,NLC_elev_BC4000_O,HLU_elev_BC4000
-10.0000000000,52.0000000000,0.0633112858,0.4848172942,0.4518714200,0.0662362203,0.5072154943,0.4265482853,0.0441591402
-10.0000000000,53.0000000000,0.0638349296,0.4906742975,0.4454907729,0.0669314704,0.5144762034,0.4185923262,0.0462643476
-10.0000000000,54.0000000000,0.0620108748,0.4878143740,0.4501747512,0.0646231893,0.5083643913,0.4270124194,0.0404237938
-10.0000000000,55.0000000000,0.0633760770,0.4602627809,0.4763611420,0.0652780863,0.4740759435,0.4606459703,0.0291370248
-9.0000000000,52.0000000000,0.0619668807,0.5004321173,0.4376010020,0.0650330077,0.5251935448,0.4097734475,0.0471472427
-9.0000000000,53.0000000000,0.0599185212,0.5159419574,0.4241395214,0.0632067972,0.5442564004,0.3925368024,0.0520240882
-9.0000000000,54.0000000000,0.0602944643,0.5106774758,0.4290280599,0.0631709410,0.5350404393,0.4017886198,0.0455348076
-9.0000000000,55.0000000000,0.0596024343,0.4852142281,0.4551833375,0.0616896188,0.5022056749,0.4361047063,0.0338336415
-8.0000000000,53.0000000000,0.0554033442,0.5318123652,0.4127842906,0.0584125592,0.5606975841,0.3808898567,0.0515165746
-8.0000000000,54.0000000000,0.0585169787,0.5316300004,0.4098530209,0.0615004239,0.5587347650,0.3797648111,0.0485109686
-8.0000000000,55.0000000000,0.0543494632,0.5157478231,0.4299027138,0.0566262547,0.5373533772,0.4060203681,0.0402073478
-8.0000000000,56.0000000000,0.0564809251,0.4908479447,0.4526711302,0.0585388082,0.5087319947,0.4327291970,0.0351541680
-7.0000000000,53.0000000000,0.0513559767,0.5239126750,0.4247313483,0.0536522337,0.5473381498,0.3990096164,0.0427989076
-7.0000000000,54.0000000000,0.0511620220,0.5434939188,0.4053440592,0.0537468907,0.5709529667,0.3753001426,0.0480933623
-7.0000000000,55.0000000000,0.0485349540,0.5459655215,0.4054995245,0.0509250921,0.5728519796,0.3762229282,0.0469343898
-7.0000000000,56.0000000000,0.0505292173,0.5305265602,0.4189442225,0.0529012009,0.5554309691,0.3916678300,0.0448379912
-7.0000000000,58.0000000000,0.0578746966,0.4768527088,0.4652725946,0.0602723733,0.4966081235,0.4431195032,0.0397806918
-7.0000000000,59.0000000000,0.0625056251,0.4552906899,0.4822036850,0.0649236739,0.4729037462,0.4621725799,0.0372444847
-6.0000000000,51.0000000000,0.0459937752,0.4464203770,0.5075858479,0.0470596367,0.4567657405,0.4961746228,0.0226491670
-6.0000000000,55.0000000000,0.0435736515,0.5559587322,0.4004676163,0.0456643102,0.5826335671,0.3717021227,0.0457832098
-6.0000000000,56.0000000000,0.0516919479,0.5550441595,0.3932638926,0.0544140179,0.5842724843,0.3613134978,0.0500251606
-6.0000000000,57.0000000000,0.0581834543,0.5335624564,0.4082540892,0.0611024350,0.5603305217,0.3785670433,0.0477719208
-6.0000000000,58.0000000000,0.0542614488,0.5126974975,0.4330410537,0.0568066690,0.5367463946,0.4064469364,0.0448049532
-6.0000000000,59.0000000000,0.0598322196,0.4954754013,0.4446923790,0.0624390157,0.5170624883,0.4204984960,0.0417494742
-5.0000000000,49.0000000000,0.0463151321,0.4671631106,0.4865217574,0.0475431039,0.4795491953,0.4729077008,0.0258286007
-5.0000000000,51.0000000000,0.0441831290,0.4333939252,0.5224229458,0.0450240576,0.4416426250,0.5133333174,0.0186773180
-5.0000000000,52.0000000000,0.0435302858,0.4313813795,0.5250883347,0.0443208177,0.4392154823,0.5164636999,0.0178365817
-5.0000000000,53.0000000000,0.0412512228,0.4607734789,0.4979752983,0.0420845007,0.4700811390,0.4878343603,0.0198001138
-5.0000000000,54.0000000000,0.0405403122,0.5054405832,0.4540191045,0.0416208145,0.5189118582,0.4394673273,0.0259606227
-5.0000000000,55.0000000000,0.0448385370,0.5512574724,0.4039039905,0.0466225965,0.5731911968,0.3801862067,0.0382659826
-5.0000000000,56.0000000000,0.0554711573,0.5647608496,0.3797679931,0.0582172088,0.5927188453,0.3490639459,0.0471690683
-5.0000000000,57.0000000000,0.0603162163,0.5509510441,0.3887327396,0.0632894715,0.5781098774,0.3586006511,0.0469786702
-5.0000000000,58.0000000000,0.0559365747,0.5327114323,0.4113519930,0.0585442554,0.5575456543,0.3839100903,0.0445420422
-5.0000000000,59.0000000000,0.0583907248,0.5137257802,0.4278834950,0.0609069141,0.5358633939,0.4032296921,0.0413120468
-4.0000000000,48.0000000000,0.0522552000,0.4850361875,0.4627086126,0.0537375561,0.4987955142,0.4474669297,0.0275851052
-4.0000000000,49.0000000000,0.0444734551,0.4873538607,0.4681726842,0.0457572284,0.5014218448,0.4528209268,0.0280561852
-4.0000000000,51.0000000000,0.0460066526,0.4466447747,0.5073485728,0.0468621071,0.4549497540,0.4981881389,0.0182547178
-4.0000000000,52.0000000000,0.0499839310,0.4351604157,0.5148556534,0.0507679786,0.4419863393,0.5072456820,0.0154437436
-4.0000000000,53.0000000000,0.0403057586,0.4569034261,0.5027908153,0.0409692597,0.4644248300,0.4946059103,0.0161950943
-4.0000000000,54.0000000000,0.0399602406,0.4874488729,0.4725908865,0.0407289557,0.4968259260,0.4624451183,0.0188739207
-4.0000000000,55.0000000000,0.0462657893,0.5280131639,0.4257210468,0.0474809642,0.5418814753,0.4106375604,0.0255928871
-4.0000000000,56.0000000000,0.0495117903,0.5691582142,0.3813299955,0.0515635859,0.5927444404,0.3556919738,0.0397915603
-4.0000000000,57.0000000000,0.0513809783,0.5775743806,0.3710446411,0.0539806641,0.6067974898,0.3392218461,0.0481595749
-4.0000000000,58.0000000000,0.0486255598,0.5602572614,0.3911171787,0.0510142140,0.5877790179,0.3612067681,0.0468233054
-4.0000000000,59.0000000000,0.0563416549,0.5239972289,0.4196611162,0.0587043428,0.5459710587,0.3953245985,0.0402472427
-3.0000000000,48.0000000000,0.0508413400,0.5042086453,0.4449500147,0.0524152657,0.5198177329,0.4277670014,0.0300280015
-3.0000000000,49.0000000000,0.0437467515,0.5105552298,0.4456980187,0.0451594275,0.5270421486,0.4277984239,0.0312819739
-3.0000000000,51.0000000000,0.0414906832,0.4860952582,0.4724140586,0.0423881089,0.4966092901,0.4610026010,0.0211716376
-3.0000000000,52.0000000000,0.0411117576,0.4788432257,0.4800450166,0.0418667849,0.4876372962,0.4704959189,0.0180340400
-3.0000000000,53.0000000000,0.0408903075,0.4833032322,0.4758064603,0.0415742303,0.4913868617,0.4670389080,0.0164506423
-3.0000000000,54.0000000000,0.0466723248,0.4919635673,0.4613641079,0.0474382292,0.5000368119,0.4525249589,0.0161453004
-3.0000000000,55.0000000000,0.0438471788,0.5287545656,0.4273982556,0.0447675991,0.5398539447,0.4153784562,0.0205599666
-3.0000000000,56.0000000000,0.0392706758,0.5830321346,0.3776971896,0.0406574669,0.6036211301,0.3557214030,0.0341091364
-3.0000000000,57.0000000000,0.0427580580,0.6047442812,0.3524976608,0.0448226974,0.6339453005,0.3212320021,0.0460623642
-3.0000000000,58.0000000000,0.0463016267,0.5883339220,0.3653644514,0.0485929405,0.6174486152,0.3339584443,0.0471532246
-2.0000000000,45.0000000000,0.0662087765,0.4731738672,0.4606173563,0.0674829992,0.4822803469,0.4502366539,0.0188821288
-2.0000000000,47.0000000000,0.0600966754,0.5032333673,0.4366699573,0.0617686122,0.5172337158,0.4209976720,0.0270677414
-2.0000000000,48.0000000000,0.0536074467,0.5167935595,0.4295989938,0.0553530737,0.5336219825,0.4110249438,0.0315362253
-2.0000000000,49.0000000000,0.0446594513,0.5258879888,0.4294525599,0.0462185038,0.5442466328,0.4095348634,0.0337322143
-2.0000000000,50.0000000000,0.0401386263,0.5268719893,0.4329893843,0.0413998165,0.5434267602,0.4151734233,0.0304636651
-2.0000000000,51.0000000000,0.0407842183,0.5188921362,0.4403236455,0.0417953991,0.5317572538,0.4264473471,0.0241935912
-2.0000000000,52.0000000000,0.0392290690,0.5162846980,0.4444862330,0.0400587785,0.5272043129,0.4327369087,0.0207123018
-2.0000000000,53.0000000000,0.0399986074,0.5190027164,0.4409986762,0.0407418126,0.5286461894,0.4306119981,0.0182418283
-2.0000000000,54.0000000000,0.0398499062,0.5294766106,0.4306734832,0.0405711606,0.5390597538,0.4203690856,0.0177775157
-2.0000000000,55.0000000000,0.0365593256,0.5486601724,0.4147805020,0.0373099400,0.5599249379,0.4027651220,0.0201183494
-2.0000000000,56.0000000000,0.0381284053,0.5767540762,0.3851175185,0.0391648027,0.5924312697,0.3684039277,0.0264624680
-1.0000000000,45.0000000000,0.0767263817,0.4952550246,0.4280185937,0.0784503267,0.5063827798,0.4151668935,0.0219749874
-1.0000000000,46.0000000000,0.0763583371,0.5032475374,0.4203941255,0.0783301651,0.5162430737,0.4054267613,0.0251732894
-1.0000000000,47.0000000000,0.0674284670,0.5147918711,0.4177796619,0.0694786136,0.5304439967,0.4000773897,0.0295075931
-1.0000000000,48.0000000000,0.0627209990,0.5198764775,0.4174025235,0.0648298902,0.5373564752,0.3978136346,0.0325296121
-1.0000000000,49.0000000000,0.0476068389,0.5312861612,0.4211069999,0.0493389034,0.5506157776,0.4000453190,0.0351054532
-1.0000000000,50.0000000000,0.0412668405,0.5380075256,0.4207256339,0.0426824251,0.5564629045,0.4008546704,0.0331655152
-1.0000000000,51.0000000000,0.0402125678,0.5360456104,0.4237418218,0.0413361839,0.5510237510,0.4076400651,0.0271823866
-1.0000000000,52.0000000000,0.0377048227,0.5379939101,0.4243012673,0.0386004985,0.5507739239,0.4106255775,0.0232037381
-1.0000000000,53.0000000000,0.0356507341,0.5537440139,0.4106052520,0.0364332580,0.5658985437,0.3976681984,0.0214782842
-1.0000000000,54.0000000000,0.0349625706,0.5678245108,0.3972129186,0.0357181489,0.5800958019,0.3841860493,0.0211539042
-1.0000000000,55.0000000000,0.0366355681,0.5724134855,0.3909509464,0.0374486657,0.5851177521,0.3774335822,0.0217123247
0.0000000000,45.0000000000,0.0995699269,0.5114467119,0.3889833612,0.1021987675,0.5249499043,0.3728513282,0.0257228210
0.0000000000,46.0000000000,0.0921844455,0.5128140766,0.3950014779,0.0947590689,0.5271364832,0.3781044480,0.0271702054
0.0000000000,47.0000000000,0.0789945756,0.5167977137,0.4042077107,0.0814682784,0.5329811535,0.3855505681,0.0303640002
0.0000000000,48.0000000000,0.0717552603,0.5149496026,0.4132951371,0.0741630684,0.5322291692,0.3936077624,0.0324664029
0.0000000000,49.0000000000,0.0556477373,0.5211404902,0.4232117724,0.0576373856,0.5397735256,0.4025890888,0.0345200988
0.0000000000,50.0000000000,0.0445380160,0.5312150861,0.4242468979,0.0461345598,0.5502574296,0.4036080105,0.0346062452
0.0000000000,51.0000000000,0.0413881447,0.5322318250,0.4263800303,0.0426501602,0.5484607435,0.4088890963,0.0295899363
0.0000000000,52.0000000000,0.0384754942,0.5420499199,0.4194745858,0.0394921775,0.5563731430,0.4041346795,0.0257439153
0.0000000000,53.0000000000,0.0359320323,0.5700007934,0.3940671743,0.0368254049,0.5841726346,0.3790019605,0.0242596802
0.0000000000,54.0000000000,0.0358176541,0.5808444867,0.3833378592,0.0366931774,0.5950425931,0.3682642295,0.0238606557
1.0000000000,45.0000000000,0.1469893563,0.5000426780,0.3529679657,0.1507988531,0.5130021946,0.3361989523,0.0252621075
1.0000000000,46.0000000000,0.1243935412,0.5022385761,0.3733678827,0.1276546610,0.5154053379,0.3569400011,0.0255464213
1.0000000000,47.0000000000,0.0962858271,0.5089546952,0.3947594776,0.0991276586,0.5239762565,0.3768960849,0.0286684007
1.0000000000,48.0000000000,0.0820737252,0.5047891810,0.4131370938,0.0847181556,0.5210535806,0.3942282639,0.0312144473
1.0000000000,49.0000000000,0.0656970757,0.5083382387,0.4259646856,0.0680074995,0.5262153932,0.4057771073,0.0339730739
1.0000000000,50.0000000000,0.0505427307,0.5246738033,0.4247834660,0.0524536072,0.5445102233,0.4030361695,0.0364298393
1.0000000000,51.0000000000,0.0430204997,0.5414964930,0.4154830073,0.0445971956,0.5613422714,0.3940605331,0.0353541490
1.0000000000,52.0000000000,0.0400473685,0.5560131404,0.4039394911,0.0413518190,0.5741239839,0.3845241971,0.0315451784
1.0000000000,53.0000000000,0.0380947471,0.5735215509,0.3883837020,0.0392202041,0.5904654585,0.3703143374,0.0286958489
2.0000000000,45.0000000000,0.2419838829,0.4463393164,0.3116768007,0.2473949978,0.4563201188,0.2962848835,0.0218723698
2.0000000000,46.0000000000,0.1676081707,0.4803865330,0.3520052963,0.1716569307,0.4919907990,0.3363522702,0.0235863476
2.0000000000,47.0000000000,0.1224643270,0.4969561806,0.3805794924,0.1258656562,0.5107586621,0.3633756817,0.0270234898
2.0000000000,48.0000000000,0.0941692825,0.5004260863,0.4054046312,0.0971537550,0.5162859065,0.3865603385,0.0307190648
2.0000000000,49.0000000000,0.0747831009,0.5040519839,0.4211649152,0.0774647225,0.5221266115,0.4004086660,0.0346173269
2.0000000000,50.0000000000,0.0588113109,0.5263123250,0.4148763640,0.0612409371,0.5480554590,0.3907036039,0.0396732367
2.0000000000,51.0000000000,0.0468388274,0.5610058067,0.3921553659,0.0490824298,0.5878782553,0.3630393149,0.0457109076
3.0000000000,45.0000000000,0.3032235047,0.4107620679,0.2860144274,0.3101185579,0.4201024597,0.2697789824,0.0222336040
3.0000000000,46.0000000000,0.2054780658,0.4660633619,0.3284585723,0.2106979574,0.4779030695,0.3113989731,0.0247742865
3.0000000000,47.0000000000,0.1618720707,0.4839649767,0.3541629525,0.1664162916,0.4975512844,0.3360324240,0.0273063463
3.0000000000,48.0000000000,0.1166443987,0.5040399294,0.3793156719,0.1205455315,0.5208973759,0.3585570926,0.0323623179
3.0000000000,49.0000000000,0.0900523898,0.5120635808,0.3978840294,0.0934824240,0.5315677336,0.3749498425,0.0366917546
3.0000000000,50.0000000000,0.0670378654,0.5481050321,0.3848571025,0.0703294707,0.5750173663,0.3546531630,0.0468026459
3.0000000000,51.0000000000,0.0507990518,0.5899089349,0.3592920133,0.0542488255,0.6299697678,0.3157814068,0.0635916752
3.0000000000,52.0000000000,0.0450985308,0.6010579593,0.3538435099,0.0479202958,0.6386654874,0.3134142168,0.0588845473
4.0000000000,45.0000000000,0.3273598929,0.4012992947,0.2713408124,0.3360233046,0.4119194747,0.2520572206,0.0257821752
4.0000000000,46.0000000000,0.2613673331,0.4411436220,0.2974890449,0.2686858478,0.4534960306,0.2778181217,0.0272381845
4.0000000000,47.0000000000,0.2223512466,0.4637825951,0.3138661583,0.2290906638,0.4778397432,0.2930695931,0.0294181224
4.0000000000,48.0000000000,0.1473080887,0.5146704602,0.3380214510,0.1528301330,0.5339635831,0.3132062839,0.0361319076
4.0000000000,49.0000000000,0.1134292326,0.5359910767,0.3505796907,0.1182807279,0.5589160151,0.3228032570,0.0410167857
4.0000000000,50.0000000000,0.0830421687,0.5753844358,0.3415733955,0.0878654653,0.6088042008,0.3033303339,0.0548941105
4.0000000000,51.0000000000,0.0557070784,0.6162275628,0.3280653588,0.0605980803,0.6703314625,0.2690704571,0.0807121592
4.0000000000,52.0000000000,0.0498374921,0.6169453839,0.3332171240,0.0534863077,0.6621145902,0.2843991020,0.0682196209
4.0000000000,53.0000000000,0.0470723451,0.6101224219,0.3428052330,0.0497593454,0.6449496459,0.3052910087,0.0539999119
5.0000000000,45.0000000000,0.4138852084,0.3470497696,0.2390650221,0.4253920166,0.3566984235,0.2179095600,0.0270498922
5.0000000000,46.0000000000,0.3534305381,0.3870590377,0.2595104242,0.3639940011,0.3986276017,0.2373783973,0.0290209809
5.0000000000,47.0000000000,0.2800403017,0.4405515599,0.2794081384,0.2897529826,0.4558312777,0.2544157397,0.0335205556
5.0000000000,48.0000000000,0.2124334402,0.4923103648,0.2952561950,0.2209566307,0.5120626928,0.2669806766,0.0385740423
5.0000000000,49.0000000000,0.1560748966,0.5388036990,0.3051214044,0.1633967654,0.5640803453,0.2725228893,0.0448103653
5.0000000000,50.0000000000,0.1078700488,0.5886120517,0.3035178994,0.1146540625,0.6256302256,0.2597157119,0.0591694140
5.0000000000,51.0000000000,0.0659907455,0.6296920225,0.3043172320,0.0716095110,0.6833069919,0.2450834971,0.0784639556
5.0000000000,52.0000000000,0.0577680935,0.6230093328,0.3192225736,0.0616268297,0.6646244965,0.2737486738,0.0626145498
5.0000000000,53.0000000000,0.0542091973,0.6068776481,0.3389131546,0.0569968753,0.6380859954,0.3049171294,0.0489093123
5.0000000000,54.0000000000,0.0514596426,0.6037230230,0.3448173344,0.0539243585,0.6326389977,0.3134366439,0.0457069115
5.0000000000,59.0000000000,0.0691229771,0.5880250352,0.3428519877,0.0712611554,0.6062143906,0.3225244539,0.0300048228
5.0000000000,60.0000000000,0.0969439686,0.5486645825,0.3543914488,0.0990688293,0.5606904551,0.3402407156,0.0214483275
5.0000000000,61.0000000000,0.1234839522,0.5124326231,0.3640834247,0.1254458012,0.5205738870,0.3539803119,0.0156390170
5.0000000000,62.0000000000,0.1065740447,0.5095123343,0.3839136210,0.1080486588,0.5165622128,0.3753891284,0.0136476853
5.0000000000,63.0000000000,0.1177389748,0.4917059913,0.3905550339,0.1191688307,0.4976774099,0.3831537594,0.0119985727
6.0000000000,45.0000000000,0.7384746833,0.1414854697,0.1200398469,0.7529732837,0.1442632783,0.1027634381,0.0192551325
6.0000000000,46.0000000000,0.5498227231,0.2601900461,0.1899872309,0.5643534149,0.2670663377,0.1685802474,0.0257475040
6.0000000000,47.0000000000,0.4076810522,0.3624041166,0.2299148313,0.4220914579,0.3752141069,0.2026944352,0.0341404817
6.0000000000,48.0000000000,0.2814911948,0.4608500299,0.2576587753,0.2937002031,0.4808382992,0.2254614977,0.0415696282
6.0000000000,49.0000000000,0.1973448414,0.5301897464,0.2724654122,0.2068929226,0.5558417711,0.2372653063,0.0461498686
6.0000000000,50.0000000000,0.1433528715,0.5802931108,0.2763540177,0.1515149003,0.6133330423,0.2351520575,0.0538694791
6.0000000000,51.0000000000,0.0836296623,0.6301235930,0.2862467447,0.0891547320,0.6717532812,0.2390919868,0.0619716931
6.0000000000,52.0000000000,0.0703468786,0.6217579924,0.3078951290,0.0742356756,0.6561289649,0.2696353595,0.0523844767
6.0000000000,53.0000000000,0.0640679756,0.5975841001,0.3383479243,0.0667840472,0.6229178364,0.3102981164,0.0406694669
6.0000000000,54.0000000000,0.0587695143,0.5964282072,0.3448022784,0.0612369609,0.6214693321,0.3172937069,0.0402934201
6.0000000000,59.0000000000,0.1350419485,0.5345674991,0.3303905523,0.1380200842,0.5463565363,0.3156233795,0.0215775531
6.0000000000,60.0000000000,0.1583188867,0.4891372677,0.3525438456,0.1606322329,0.4962845124,0.3430832547,0.0144015067
6.0000000000,61.0000000000,0.1772918528,0.4583858367,0.3643223105,0.1791636354,0.4632253068,0.3576110579,0.0104473352
6.0000000000,62.0000000000,0.1351118230,0.4799599064,0.3849282706,0.1364701888,0.4847852513,0.3787445598,0.0099535720
6.0000000000,63.0000000000,0.1275119177,0.4857000244,0.3867880579,0.1287834087,0.4905432049,0.3806733864,0.0098730966
7.0000000000,45.0000000000,0.7637864913,0.1272357329,0.1089777758,0.7828309903,0.1304082698,0.0867607400,0.0243277275
7.0000000000,46.0000000000,0.7478076666,0.1376815444,0.1145107890,0.7660235204,0.1410353304,0.0929411492,0.0237797578
7.0000000000,47.0000000000,0.4819704282,0.3151336358,0.2028959361,0.5000999428,0.3269875163,0.1729125409,0.0362517831
7.0000000000,48.0000000000,0.3375026943,0.4321095842,0.2303877215,0.3545036282,0.4538761260,0.1916202458,0.0479570097
7.0000000000,49.0000000000,0.2479100797,0.5050080145,0.2470819059,0.2604159711,0.5304832811,0.2091007478,0.0480227513
7.0000000000,50.0000000000,0.1783607558,0.5616186907,0.2600205535,0.1876014335,0.5907155472,0.2216830193,0.0492569675
7.0000000000,51.0000000000,0.1195120296,0.6060577191,0.2744302514,0.1257766642,0.6378263218,0.2363970140,0.0498076069
7.0000000000,52.0000000000,0.0875644765,0.6164764623,0.2959590612,0.0917053080,0.6456289825,0.2626657095,0.0451536734
7.0000000000,53.0000000000,0.0746857383,0.6033346707,0.3219795909,0.0776789723,0.6275149475,0.2948060802,0.0385333877
7.0000000000,54.0000000000,0.0665052614,0.6022262067,0.3312685318,0.0692268957,0.6268714666,0.3039016378,0.0393146940
7.0000000000,59.0000000000,0.1780105794,0.5253304012,0.2966590194,0.1818441533,0.5366437340,0.2815121126,0.0210816452
7.0000000000,60.0000000000,0.2331068524,0.4508857537,0.3160073939,0.2359082344,0.4563043127,0.3077874528,0.0118748801
7.0000000000,61.0000000000,0.2488538907,0.4173356437,0.3338104656,0.2508822465,0.4207372590,0.3283804945,0.0080848920
7.0000000000,62.0000000000,0.1996756205,0.4412173797,0.3591069998,0.2011960818,0.4445770986,0.3542268196,0.0075571119
7.0000000000,63.0000000000,0.1379924754,0.4905568738,0.3714506508,0.1392243631,0.4949361780,0.3658394589,0.0088482199
8.0000000000,45.0000000000,0.5848966576,0.2402396208,0.1748637216,0.6103202238,0.2506820602,0.1389977160,0.0416561098
8.0000000000,46.0000000000,0.7854794284,0.1143236903,0.1001968813,0.8072619385,0.1174940558,0.0752440057,0.0269831997
8.0000000000,47.0000000000,0.5815661719,0.2470645558,0.1713692723,0.6019582591,0.2557276490,0.1423140920,0.0338762478
8.0000000000,48.0000000000,0.4264352702,0.3699114887,0.2036532411,0.4478892354,0.3885217416,0.1635890231,0.0479001582
8.0000000000,49.0000000000,0.2715681880,0.4941764938,0.2342553182,0.2871147407,0.5224667769,0.1904184823,0.0541475254
8.0000000000,50.0000000000,0.2192419679,0.5377449582,0.2430130739,0.2309803902,0.5665363317,0.2024832781,0.0508199949
8.0000000000,51.0000000000,0.1639515262,0.5808291775,0.2552192962,0.1720007084,0.6093449221,0.2186543696,0.0467973778
8.0000000000,52.0000000000,0.1061685651,0.6189501697,0.2748812652,0.1111220826,0.6478285901,0.2410493274,0.0445772552
8.0000000000,53.0000000000,0.0859225980,0.6191328486,0.2949445534,0.0895599275,0.6453423695,0.2650977030,0.0406133585
8.0000000000,54.0000000000,0.0736176607,0.6197994523,0.3065828870,0.0768193040,0.6467546252,0.2764260708,0.0416775881
8.0000000000,55.0000000000,0.0648688077,0.6375470460,0.2975841463,0.0684630324,0.6728719957,0.2586649719,0.0524987663
8.0000000000,56.0000000000,0.0594543046,0.6600560645,0.2804896309,0.0635712558,0.7057620677,0.2306666764,0.0647612068
8.0000000000,57.0000000000,0.0586526573,0.6703649607,0.2709823820,0.0628709444,0.7185774711,0.2185515845,0.0670943807
8.0000000000,59.0000000000,0.1397371948,0.5961055993,0.2641572060,0.1442006730,0.6151463731,0.2406529539,0.0309532409
8.0000000000,60.0000000000,0.2186008255,0.5057613213,0.2756378532,0.2221481351,0.5139684816,0.2638833833,0.0159682170
8.0000000000,61.0000000000,0.2970430402,0.4191931374,0.2837638225,0.2997020100,0.4229455293,0.2773524606,0.0088720455
8.0000000000,62.0000000000,0.2628774774,0.4223786144,0.3147439082,0.2647624272,0.4254072592,0.3098303136,0.0071194008
8.0000000000,63.0000000000,0.1484372443,0.5029917743,0.3485709814,0.1497321293,0.5073795983,0.3428882724,0.0086480103
8.0000000000,64.0000000000,0.1562033633,0.5095781043,0.3342185325,0.1576689774,0.5143593384,0.3279716842,0.0092955135
9.0000000000,45.0000000000,0.6032348852,0.2265584500,0.1702066648,0.6333477097,0.2378679996,0.1287842908,0.0475454857
9.0000000000,46.0000000000,0.8218997194,0.0909544615,0.0871458191,0.8456152472,0.0935789094,0.0608058433,0.0280452935
9.0000000000,47.0000000000,0.6672970705,0.1884267618,0.1442761676,0.6880293434,0.1942809986,0.1176896580,0.0301328324
9.0000000000,48.0000000000,0.5003992898,0.3124687806,0.1871319296,0.5229005935,0.3265194699,0.1505799366,0.0430317043
9.0000000000,49.0000000000,0.3525500213,0.4315075436,0.2159424351,0.3720706008,0.4553999753,0.1725294239,0.0524647189
9.0000000000,50.0000000000,0.2678928698,0.5027829600,0.2293241702,0.2825199948,0.5302352368,0.1872447684,0.0517737693
9.0000000000,51.0000000000,0.1917599195,0.5668018006,0.2414382800,0.2014623437,0.5954801164,0.2030575399,0.0481599889
9.0000000000,52.0000000000,0.1271936982,0.6200691087,0.2527371930,0.1334403812,0.6505216799,0.2160379389,0.0468125385
9.0000000000,53.0000000000,0.0988596648,0.6372821748,0.2638581604,0.1033798125,0.6664205452,0.2301996423,0.0437236976
9.0000000000,54.0000000000,0.0810136323,0.6499283356,0.2690580321,0.0848907130,0.6810320475,0.2340772395,0.0456714364
9.0000000000,55.0000000000,0.0694208647,0.6688473878,0.2617317474,0.0738356884,0.7113827737,0.2147815379,0.0597925440
9.0000000000,56.0000000000,0.0606747649,0.6893880011,0.2499372340,0.0660707396,0.7506971832,0.1832320771,0.0816696579
9.0000000000,57.0000000000,0.0581569328,0.6977356547,0.2441074126,0.0634699353,0.7614782068,0.1750518579,0.0837089644
9.0000000000,58.0000000000,0.0636762307,0.6989472998,0.2373764695,0.0689248305,0.7565589809,0.1745161886,0.0761496229
9.0000000000,59.0000000000,0.0998874554,0.6687148438,0.2313977008,0.1051396566,0.7038766661,0.1909836772,0.0499545218
9.0000000000,60.0000000000,0.1615375280,0.6019729353,0.2364895367,0.1660910568,0.6189417546,0.2149671886,0.0274158581
9.0000000000,61.0000000000,0.2420563319,0.5078181339,0.2501255342,0.2454573980,0.5149533452,0.2395892568,0.0138560345
9.0000000000,62.0000000000,0.2894428154,0.4410931016,0.2694640830,0.2918643426,0.4447833605,0.2633522969,0.0082967559
9.0000000000,63.0000000000,0.1746312864,0.5062256664,0.3191430472,0.1761572987,0.5106493102,0.3131933911,0.0086627822
9.0000000000,64.0000000000,0.1631458155,0.5212113658,0.3156428187,0.1646705774,0.5260826106,0.3092468121,0.0092594674
10.0000000000,45.0000000000,0.6321168305,0.2055251123,0.1623580571,0.6658083315,0.2164794948,0.1177121738,0.0506024021
10.0000000000,46.0000000000,0.8641079449,0.0648344424,0.0710576126,0.8872871302,0.0665735881,0.0461392817,0.0261236577
10.0000000000,47.0000000000,0.7580056115,0.1291006790,0.1128937096,0.7773852851,0.1324013524,0.0902133625,0.0249293034
10.0000000000,48.0000000000,0.5369782243,0.2799300805,0.1830916952,0.5577372633,0.2907518964,0.1515108403,0.0372201041
10.0000000000,49.0000000000,0.4140307460,0.3802490978,0.2057201562,0.4347503376,0.3992781340,0.1659715284,0.0476585982
10.0000000000,50.0000000000,0.3278772881,0.4539036832,0.2182190287,0.3443220266,0.4766692959,0.1790086774,0.0477597633
10.0000000000,51.0000000000,0.2391476191,0.5302337996,0.2306185814,0.2505118918,0.5554304606,0.1940576476,0.0453642046
10.0000000000,52.0000000000,0.1576600104,0.6033107808,0.2390292088,0.1652482573,0.6323483989,0.2024033438,0.0459202841
10.0000000000,53.0000000000,0.1171883321,0.6431988965,0.2396127714,0.1226660424,0.6732638114,0.2040701461,0.0446554745
10.0000000000,54.0000000000,0.0877169659,0.6789180513,0.2333649828,0.0924303867,0.7153993232,0.1921702901,0.0509942779
10.0000000000,55.0000000000,0.0671110337,0.7063204691,0.2265684972,0.0726473679,0.7645884764,0.1627641557,0.0762083252
10.0000000000,56.0000000000,0.0554044300,0.7128182606,0.2317773094,0.0624420140,0.8033618942,0.1341960918,0.1127059103
10.0000000000,57.0000000000,0.0559147962,0.7147423066,0.2293428971,0.0629952917,0.8052501868,0.1317545215,0.1123972172
10.0000000000,58.0000000000,0.0634341917,0.7157141511,0.2208516572,0.0701370737,0.7913413067,0.1385216196,0.0955683154
10.0000000000,60.0000000000,0.1300766160,0.6617944200,0.2081289640,0.1356139284,0.6899667584,0.1744193132,0.0408314431
10.0000000000,61.0000000000,0.2131665274,0.5701586721,0.2166748005,0.2174430878,0.5815972316,0.2009596805,0.0196674931
10.0000000000,62.0000000000,0.2608171850,0.4960022439,0.2431805711,0.2636593159,0.5014071918,0.2349334923,0.0107795580
10.0000000000,63.0000000000,0.1942736666,0.5160567437,0.2896695897,0.1960631666,0.5208102624,0.2831265711,0.0091271602
10.0000000000,64.0000000000,0.1684288770,0.5350827790,0.2964883441,0.1700463596,0.5402213701,0.2897322702,0.0095120101
10.0000000000,65.0000000000,0.1695024702,0.5394428997,0.2910546301,0.1711801543,0.5447821422,0.2840377035,0.0098006930
11.0000000000,45.0000000000,0.6000421196,0.2238933007,0.1760645797,0.6351892601,0.2370077290,0.1278030109,0.0553333357
11.0000000000,46.0000000000,0.8174599337,0.0909051999,0.0916348664,0.8442630645,0.0938858279,0.0618511076,0.0317473687
11.0000000000,47.0000000000,0.7598807114,0.1271753395,0.1129439490,0.7808316727,0.1306817393,0.0884865880,0.0268315976
11.0000000000,48.0000000000,0.5511432762,0.2674496934,0.1814070304,0.5721718911,0.2776541118,0.1501739971,0.0367522683
11.0000000000,49.0000000000,0.4712647328,0.3349864250,0.1937488422,0.4927281755,0.3502431616,0.1570286628,0.0435604127
11.0000000000,50.0000000000,0.3900397191,0.4029714262,0.2069888547,0.4072397010,0.4207416708,0.1720186282,0.0422355233
11.0000000000,51.0000000000,0.2705247572,0.5017495310,0.2277257118,0.2824830443,0.5239288872,0.1935880686,0.0423327606
11.0000000000,52.0000000000,0.1881345827,0.5824423067,0.2294231106,0.1968625367,0.6094630147,0.1936744487,0.0443352711
11.0000000000,53.0000000000,0.1397893949,0.6356375617,0.2245730434,0.1462143037,0.6648523198,0.1889333765,0.0439417255
11.0000000000,54.0000000000,0.0975723551,0.6899971818,0.2124304631,0.1032883169,0.7304184419,0.1662932412,0.0553398679
11.0000000000,55.0000000000,0.0694307162,0.7177520597,0.2128172241,0.0768409344,0.7943564741,0.1288025915,0.0964358156
11.0000000000,56.0000000000,0.0547026660,0.7143096370,0.2309876970,0.0636416587,0.8310353664,0.1053229749,0.1404581972
11.0000000000,58.0000000000,0.0695395758,0.7214234280,0.2090369962,0.0775614214,0.8046443460,0.1177942327,0.1034257164
11.0000000000,59.0000000000,0.0956641898,0.7091179686,0.1952178416,0.1027525939,0.7616612951,0.1355861110,0.0689851602
11.0000000000,60.0000000000,0.1324217822,0.6734886306,0.1940895873,0.1383825659,0.7038047917,0.1578126424,0.0430746728
11.0000000000,61.0000000000,0.2065728826,0.5919178123,0.2015093051,0.2112072925,0.6051973373,0.1835953702,0.0219424709
11.0000000000,62.0000000000,0.2763727550,0.5031607609,0.2204664841,0.2796018139,0.5090395448,0.2113586413,0.0115487765
11.0000000000,63.0000000000,0.2310856978,0.5116084983,0.2573058039,0.2332080822,0.5163073174,0.2504846004,0.0091008183
11.0000000000,64.0000000000,0.1879467926,0.5403746161,0.2716785912,0.1897262281,0.5454907542,0.2647830177,0.0093789640
11.0000000000,65.0000000000,0.1719808471,0.5551733717,0.2728457812,0.1736954500,0.5607083011,0.2655962490,0.0098713170
12.0000000000,45.0000000000,0.5346576222,0.2632633610,0.2020790168,0.5666145005,0.2789988052,0.1543866943,0.0563996832
12.0000000000,46.0000000000,0.7866294992,0.1082453765,0.1051251243,0.8133736035,0.1119255406,0.0747008560,0.0328804674
12.0000000000,47.0000000000,0.7603549126,0.1261243167,0.1135207708,0.7821990049,0.1297477183,0.0880532768,0.0279265151
12.0000000000,48.0000000000,0.5516269929,0.2655474641,0.1828255430,0.5732705917,0.2759664662,0.1507629421,0.0377545947
12.0000000000,49.0000000000,0.5145314669,0.3024808519,0.1829876812,0.5366402654,0.3154780904,0.1478816441,0.0411985457
12.0000000000,50.0000000000,0.4437027561,0.3610054967,0.1952917472,0.4607813912,0.3749010181,0.1643175906,0.0370645070
12.0000000000,51.0000000000,0.2965630717,0.4802066746,0.2232302537,0.3085353802,0.4995927108,0.1918719090,0.0388036810
12.0000000000,52.0000000000,0.2192388108,0.5563219002,0.2244392890,0.2280141756,0.5785895251,0.1933962993,0.0384860492
12.0000000000,53.0000000000,0.1706783251,0.6066271085,0.2226945665,0.1768507083,0.6285650728,0.1945842189,0.0349016598
12.0000000000,54.0000000000,0.1180210155,0.6736456750,0.2083333095,0.1234515885,0.7046425447,0.1719058668,0.0439894950
12.0000000000,55.0000000000,0.0849123117,0.7179130297,0.1971746585,0.0913528461,0.7723661878,0.1362809661,0.0705017373
12.0000000000,56.0000000000,0.0654813379,0.7242737796,0.2102448825,0.0741388454,0.8200324475,0.1058287070,0.1167742425
12.0000000000,57.0000000000,0.0734498825,0.7267636621,0.1997864555,0.0818555967,0.8099355814,0.1082088219,0.1026895486
12.0000000000,58.0000000000,0.0892874742,0.7214111432,0.1893013826,0.0963200332,0.7782317273,0.1254482395,0.0730124230
12.0000000000,59.0000000000,0.1125559173,0.7024158186,0.1850282641,0.1189855815,0.7425407446,0.1384736739,0.0540373391
12.0000000000,60.0000000000,0.1535225713,0.6612251074,0.1852523213,0.1592156339,0.6857452537,0.1550391124,0.0357569319
12.0000000000,61.0000000000,0.2272574643,0.5811817783,0.1915607574,0.2318134185,0.5928330460,0.1753535355,0.0196535396
12.0000000000,62.0000000000,0.2954665922,0.4994531101,0.2050802978,0.2987751318,0.5050458249,0.1961790433,0.0110736780
12.0000000000,63.0000000000,0.2808573208,0.4908214464,0.2283212328,0.2832562796,0.4950138256,0.2217298948,0.0084692165
12.0000000000,64.0000000000,0.2344984997,0.5204016763,0.2450998240,0.2364819921,0.5248034647,0.2387145432,0.0083874987
12.0000000000,65.0000000000,0.2002464096,0.5474606033,0.2522929871,0.2020495089,0.5523901590,0.2455603321,0.0089240470
12.0000000000,66.0000000000,0.1653629453,0.5741073483,0.2605297065,0.1669217229,0.5795191151,0.2535591620,0.0093383750
13.0000000000,46.0000000000,0.7302587082,0.1399256608,0.1298156311,0.7539455394,0.1444643201,0.1015901405,0.0314171647
13.0000000000,47.0000000000,0.7464266953,0.1331967180,0.1203765867,0.7677412934,0.1370002188,0.0952584878,0.0277627350
13.0000000000,48.0000000000,0.5776437955,0.2460997182,0.1762564863,0.5992015662,0.2552842041,0.1455142297,0.0359774940
13.0000000000,49.0000000000,0.5306560830,0.2898680309,0.1794758861,0.5529147637,0.3020267155,0.1450585208,0.0402569837
13.0000000000,50.0000000000,0.4501270003,0.3556087652,0.1942642345,0.4667530114,0.3687436255,0.1645033631,0.0356205760
13.0000000000,51.0000000000,0.3261286764,0.4576717697,0.2161995539,0.3377750579,0.4740156867,0.1882092554,0.0344796965
13.0000000000,52.0000000000,0.2428266088,0.5346953415,0.2224780497,0.2508404177,0.5523414566,0.1968181257,0.0319478374
13.0000000000,53.0000000000,0.1907956805,0.5848476495,0.2243566700,0.1962402533,0.6015369455,0.2022228013,0.0277444238
13.0000000000,54.0000000000,0.1363387174,0.6512635104,0.2123977721,0.1409502454,0.6732918817,0.1857578730,0.0327174169
13.0000000000,55.0000000000,0.1060209279,0.6982146908,0.1957643813,0.1112746516,0.7328137754,0.1559115730,0.0472140205
13.0000000000,56.0000000000,0.0950375556,0.7167520002,0.1882104443,0.1022773414,0.7713528468,0.1263698118,0.0707858237
13.0000000000,57.0000000000,0.1069975322,0.7124641338,0.1805383340,0.1140466254,0.7594019090,0.1265514655,0.0618088718
13.0000000000,58.0000000000,0.1134956286,0.7060505622,0.1804538091,0.1192604884,0.7419134631,0.1388260485,0.0483383880
13.0000000000,59.0000000000,0.1296334115,0.6908465937,0.1795199949,0.1351775003,0.7203923322,0.1444301676,0.0410133995
13.0000000000,60.0000000000,0.1772500430,0.6453174556,0.1774325015,0.1825918070,0.6647653129,0.1526428802,0.0292552227
13.0000000000,61.0000000000,0.2324836741,0.5836601245,0.1838562014,0.2367595334,0.5943948507,0.1688456160,0.0180599245
13.0000000000,62.0000000000,0.2751854276,0.5279846950,0.1968298774,0.2783731156,0.5341007546,0.1875261298,0.0114511346
13.0000000000,63.0000000000,0.2704504814,0.5197196522,0.2098298663,0.2729216409,0.5244684333,0.2026099258,0.0090544650
13.0000000000,64.0000000000,0.2750453731,0.5090328311,0.2159217958,0.2772544794,0.5131212751,0.2096242456,0.0079677928
13.0000000000,65.0000000000,0.2602546307,0.5150729985,0.2246723707,0.2622428637,0.5190079338,0.2187492025,0.0075816475
13.0000000000,66.0000000000,0.1995148802,0.5562753625,0.2442097573,0.2011011185,0.5606980164,0.2382008651,0.0078877646
13.0000000000,67.0000000000,0.1566292527,0.5868671997,0.2565035476,0.1579145974,0.5916832005,0.2504022021,0.0081394923
14.0000000000,46.0000000000,0.6862429412,0.1620844491,0.1516726097,0.7057204959,0.1666848735,0.1275946306,0.0275995310
14.0000000000,47.0000000000,0.7025545201,0.1573297585,0.1401157213,0.7227203247,0.1618456802,0.1154339952,0.0279026393
14.0000000000,48.0000000000,0.5728760478,0.2460341375,0.1810898147,0.5937674215,0.2550063944,0.1512261842,0.0351844390
14.0000000000,49.0000000000,0.4989740625,0.3084154034,0.1926105340,0.5206005319,0.3217827040,0.1576167642,0.0415413892
14.0000000000,50.0000000000,0.4200140372,0.3744689547,0.2055170081,0.4357619650,0.3885092236,0.1757288113,0.0361388305
14.0000000000,51.0000000000,0.3302338761,0.4536085935,0.2161575304,0.3409329109,0.4683047663,0.1907623228,0.0313816426
14.0000000000,52.0000000000,0.2530716954,0.5191608230,0.2277674816,0.2597131810,0.5327854172,0.2075014018,0.0255723857
14.0000000000,53.0000000000,0.2011532998,0.5624890201,0.2363576800,0.2054565398,0.5745222566,0.2200212037,0.0209447699
14.0000000000,54.0000000000,0.1570093297,0.6144539581,0.2285367121,0.1606293271,0.6286207705,0.2107499024,0.0225363415
14.0000000000,56.0000000000,0.1214872666,0.6907975401,0.1877151933,0.1280941331,0.7283653217,0.1435405452,0.0515782129
14.0000000000,57.0000000000,0.1368162918,0.6848777590,0.1783059492,0.1437502377,0.7195878458,0.1366619164,0.0482360660
14.0000000000,58.0000000000,0.1398191419,0.6840233415,0.1761575166,0.1458448494,0.7135023138,0.1406528368,0.0413158748
14.0000000000,59.0000000000,0.1592556235,0.6685847786,0.1721595979,0.1653775887,0.6942859290,0.1403364822,0.0370181065
14.0000000000,60.0000000000,0.1888944386,0.6433500792,0.1677554822,0.1944615653,0.6623109940,0.1432274407,0.0286284163
14.0000000000,61.0000000000,0.2295539473,0.5990516592,0.1713943935,0.2340163689,0.6106969438,0.1552866874,0.0190688437
14.0000000000,62.0000000000,0.2420374854,0.5755970626,0.1823654520,0.2453437351,0.5834597605,0.1711965044,0.0134759899
14.0000000000,63.0000000000,0.2401350347,0.5680472577,0.1918177076,0.2427494043,0.5742316342,0.1830189615,0.0107698290
14.0000000000,64.0000000000,0.2786848489,0.5288290136,0.1924861375,0.2810766438,0.5333676548,0.1855557015,0.0085094046
14.0000000000,65.0000000000,0.2979499025,0.5003480060,0.2017020915,0.3000526367,0.5038791326,0.1960682308,0.0070078842
14.0000000000,66.0000000000,0.2691452033,0.5101105391,0.2207442576,0.2708647606,0.5133696137,0.2157656257,0.0063483979
14.0000000000,67.0000000000,0.1597107748,0.5918153563,0.2484738689,0.1608844797,0.5961645717,0.2429509485,0.0072953270
14.0000000000,68.0000000000,0.1495676741,0.6009625456,0.2494697803,0.1506595520,0.6053497085,0.2439907394,0.0072473198
14.0000000000,69.0000000000,0.1425973397,0.6100826306,0.2473200296,0.1436282050,0.6144930428,0.2418787522,0.0071773183
15.0000000000,45.0000000000,0.5724081726,0.2193168656,0.2082749619,0.5875351615,0.2251127364,0.1873521022,0.0257465253
15.0000000000,46.0000000000,0.5759346243,0.2220618793,0.2020034964,0.5921224441,0.2283033824,0.1795741735,0.0273386357
15.0000000000,47.0000000000,0.6239346805,0.2022423977,0.1738229218,0.6427549970,0.2083428215,0.1489021816,0.0292807003
15.0000000000,48.0000000000,0.5277130922,0.2742498002,0.1980371076,0.5487703578,0.2851931536,0.1660364886,0.0383717256
15.0000000000,49.0000000000,0.4750407356,0.3236555336,0.2013037308,0.4970427912,0.3386460102,0.1643111986,0.0442659183
15.0000000000,50.0000000000,0.4224107412,0.3715417045,0.2060475543,0.4375023905,0.3848159340,0.1776816754,0.0344950100
15.0000000000,51.0000000000,0.3323393975,0.4461726431,0.2214879595,0.3412724165,0.4581654092,0.2005621743,0.0261756255
15.0000000000,52.0000000000,0.2605066301,0.4988481141,0.2406452558,0.2653863510,0.5081923661,0.2264212829,0.0183872340
15.0000000000,53.0000000000,0.2195313134,0.5287047822,0.2517639044,0.2227336519,0.5364170835,0.2408492646,0.0143774343
15.0000000000,54.0000000000,0.1764839014,0.5722628150,0.2512532835,0.1791555075,0.5809257061,0.2399187864,0.0149122185
15.0000000000,55.0000000000,0.1553629647,0.6154320516,0.2292049836,0.1586308276,0.6283768840,0.2129922885,0.0206004273
15.0000000000,57.0000000000,0.1658372694,0.6539035333,0.1802591973,0.1729023787,0.6817615652,0.1453360561,0.0408618399
15.0000000000,58.0000000000,0.1630380479,0.6641543611,0.1728075909,0.1702292317,0.6934484806,0.1363222877,0.0422441180
15.0000000000,59.0000000000,0.1684711850,0.6675374004,0.1639914145,0.1759101967,0.6970131739,0.1270766295,0.0422886891
15.0000000000,60.0000000000,0.1933969945,0.6501439669,0.1564590385,0.2001233960,0.6727561555,0.1271204485,0.0336112697
15.0000000000,61.0000000000,0.2154327585,0.6280018099,0.1565654316,0.2205491688,0.6429165099,0.1365343213,0.0231985021
15.0000000000,62.0000000000,0.2296107498,0.6064031322,0.1639861180,0.2333633334,0.6163137243,0.1503229423,0.0160804339
15.0000000000,63.0000000000,0.2312967460,0.5938794744,0.1748237796,0.2341555934,0.6012198749,0.1646245317,0.0122091781
15.0000000000,64.0000000000,0.2511056088,0.5666369150,0.1822574762,0.2535239158,0.5720939896,0.1743820945,0.0095387729
15.0000000000,65.0000000000,0.2927233589,0.5175194270,0.1897572141,0.2948415162,0.5212642172,0.1838942666,0.0071840539
15.0000000000,66.0000000000,0.3073895421,0.4906433023,0.2019671556,0.3091768349,0.4934961098,0.1973270553,0.0057808106
15.0000000000,67.0000000000,0.2064658997,0.5626764604,0.2308576399,0.2077561750,0.5661928161,0.2260510088,0.0062105269
15.0000000000,68.0000000000,0.1716837521,0.5907151540,0.2376010939,0.1727894232,0.5945194551,0.2326911217,0.0063989514
15.0000000000,69.0000000000,0.1497396384,0.6106446359,0.2396157257,0.1507429774,0.6147362954,0.2345207272,0.0066559588
16.0000000000,45.0000000000,0.4969202848,0.2571964078,0.2458833074,0.5090913630,0.2634959244,0.2274127126,0.0239074537
16.0000000000,46.0000000000,0.4912725805,0.2665572262,0.2421701933,0.5044562338,0.2737104812,0.2218332849,0.0261343848
16.0000000000,47.0000000000,0.4888649202,0.2813847855,0.2297502943,0.5047248977,0.2905135983,0.2047615040,0.0314230139
16.0000000000,48.0000000000,0.4330058149,0.3353867907,0.2316073944,0.4526941360,0.3506364770,0.1966693869,0.0434914428
16.0000000000,49.0000000000,0.4347102400,0.3505571501,0.2147326099,0.4563777943,0.3680302055,0.1755920003,0.0474772317
16.0000000000,50.0000000000,0.4079584680,0.3818731707,0.2101683612,0.4222073596,0.3952109730,0.1825816674,0.0337485626
16.0000000000,51.0000000000,0.3088700637,0.4603356967,0.2307942396,0.3162492755,0.4713335726,0.2124171519,0.0233335296
16.0000000000,52.0000000000,0.2559597415,0.4972688766,0.2467713819,0.2599557665,0.5050322023,0.2350120313,0.0153719419
16.0000000000,53.0000000000,0.2262691455,0.5184422274,0.2552886271,0.2289577280,0.5246024782,0.2464397939,0.0117427024
16.0000000000,54.0000000000,0.1875311024,0.5497732361,0.2626956615,0.1897298995,0.5562193126,0.2540507879,0.0115890914
16.0000000000,55.0000000000,0.1763818914,0.5766339019,0.2469842067,0.1790332068,0.5853016756,0.2356651176,0.0148090704
16.0000000000,57.0000000000,0.1713649291,0.6466115390,0.1820235318,0.1784496237,0.6733442276,0.1482061486,0.0397013704
16.0000000000,58.0000000000,0.1786998452,0.6530159358,0.1682842190,0.1874573627,0.6850181934,0.1275244440,0.0467173833
16.0000000000,59.0000000000,0.1779474688,0.6656590766,0.1563934546,0.1874176957,0.7010849387,0.1114973657,0.0505300572
16.0000000000,60.0000000000,0.1886186576,0.6642232118,0.1471581306,0.1969204497,0.6934580876,0.1096214628,0.0421581004
16.0000000000,61.0000000000,0.2010946341,0.6545130740,0.1443922919,0.2071777243,0.6743120213,0.1185102544,0.0293617000
16.0000000000,62.0000000000,0.2176663989,0.6336727582,0.1486608430,0.2220006374,0.6462906399,0.1317087227,0.0195235409
16.0000000000,63.0000000000,0.2226271623,0.6167686730,0.1606041647,0.2257951868,0.6255454021,0.1486594111,0.0140305229
16.0000000000,64.0000000000,0.2393152291,0.5882765575,0.1724082134,0.2418460248,0.5944976732,0.1636563020,0.0104644913
16.0000000000,65.0000000000,0.2664106978,0.5494826498,0.1841066524,0.2685279340,0.5538495336,0.1776225324,0.0078846032
16.0000000000,66.0000000000,0.3115230225,0.4969882813,0.1914886962,0.3133862885,0.4999608428,0.1866528688,0.0059455886
16.0000000000,67.0000000000,0.2922760820,0.5020661097,0.2056578083,0.2938219716,0.5047216086,0.2014564198,0.0052613139
16.0000000000,68.0000000000,0.1926977303,0.5788454059,0.2284568638,0.1938450630,0.5822918828,0.2238630542,0.0059188132
16.0000000000,69.0000000000,0.1620819070,0.6052627529,0.2326553401,0.1631010796,0.6090686509,0.2278302695,0.0062487176
17.0000000000,45.0000000000,0.4691389769,0.2720993060,0.2587617171,0.4800418978,0.2784229699,0.2415351323,0.0227124360
17.0000000000,46.0000000000,0.4576465792,0.2863248195,0.2560286012,0.4694555227,0.2937130395,0.2368314377,0.0251545522
17.0000000000,47.0000000000,0.4293845337,0.3169732312,0.2536422351,0.4426856173,0.3267921397,0.2305222431,0.0300463422
17.0000000000,48.0000000000,0.4053736558,0.3518327124,0.2427936318,0.4215551221,0.3658769629,0.2125679151,0.0383851729
17.0000000000,49.0000000000,0.4057667356,0.3697935537,0.2244397107,0.4230886516,0.3855797981,0.1913315503,0.0409415756
17.0000000000,50.0000000000,0.3608465774,0.4147654261,0.2243879965,0.3725987095,0.4282735993,0.1991276912,0.0315409898
17.0000000000,51.0000000000,0.2945877782,0.4663658095,0.2390464123,0.3007210062,0.4760754039,0.2232035898,0.0203950768
17.0000000000,52.0000000000,0.2471475165,0.5034724102,0.2493800733,0.2506239212,0.5105543097,0.2388217692,0.0138710012
17.0000000000,53.0000000000,0.2178629383,0.5307517078,0.2513853539,0.2203164331,0.5367288442,0.2429547227,0.0111362312
17.0000000000,54.0000000000,0.1992966892,0.5455909780,0.2551123328,0.2014360173,0.5514475635,0.2471164192,0.0106203851
17.0000000000,55.0000000000,0.1901015643,0.5643409093,0.2455575264,0.1926170553,0.5718084675,0.2355744772,0.0130595446
17.0000000000,59.0000000000,0.1858510538,0.6657461232,0.1484028230,0.1968396282,0.7051088317,0.0980515401,0.0558250112
17.0000000000,60.0000000000,0.1777501702,0.6806771458,0.1415726840,0.1875166132,0.7180767980,0.0944065888,0.0520830813
17.0000000000,61.0000000000,0.1757570185,0.6868832148,0.1373597668,0.1828256316,0.7145083519,0.1026660165,0.0386631409
17.0000000000,62.0000000000,0.1912580548,0.6687945491,0.1399473961,0.1960921384,0.6856984581,0.1182094036,0.0246521029
17.0000000000,63.0000000000,0.2204703224,0.6300355846,0.1494940930,0.2240375592,0.6402296373,0.1357328035,0.0159224942
17.0000000000,64.0000000000,0.2447856517,0.5936976091,0.1615167392,0.2475887895,0.6004962765,0.1519149340,0.0113217477
17.0000000000,65.0000000000,0.2466795447,0.5751139391,0.1782065162,0.2488631919,0.5802049407,0.1709318674,0.0087744885
17.0000000000,66.0000000000,0.2861403136,0.5265060260,0.1873536604,0.2880623802,0.5300426814,0.1818949384,0.0066723973
17.0000000000,67.0000000000,0.3481834542,0.4643701189,0.1874464269,0.3499704252,0.4667533911,0.1832761837,0.0051060629
17.0000000000,68.0000000000,0.2582331950,0.5276247792,0.2141420258,0.2595979343,0.5304132289,0.2099888369,0.0052571269
17.0000000000,69.0000000000,0.1832003265,0.5878733216,0.2289263520,0.1842908946,0.5913728564,0.2243362490,0.0059176453
17.0000000000,70.0000000000,0.1811162808,0.5860412322,0.2328424870,0.1821767022,0.5894724570,0.2283508408,0.0058208399
18.0000000000,45.0000000000,0.4211606799,0.3065652140,0.2722741061,0.4317923590,0.3143040727,0.2539035682,0.0246222031
18.0000000000,46.0000000000,0.4209795731,0.3141281594,0.2648922675,0.4324220767,0.3226663708,0.2449115525,0.0264614233
18.0000000000,47.0000000000,0.4074817097,0.3343032220,0.2582150683,0.4197506538,0.3443688212,0.2358805250,0.0292291245
18.0000000000,48.0000000000,0.4267812260,0.3380588293,0.2351599447,0.4409812254,0.3493068292,0.2097119454,0.0322009161
18.0000000000,49.0000000000,0.4215416108,0.3580222328,0.2204361564,0.4355382006,0.3699097671,0.1945520323,0.0321363082
18.0000000000,50.0000000000,0.3421771153,0.4243517111,0.2334711736,0.3513937828,0.4357817818,0.2128244354,0.0262288861
18.0000000000,51.0000000000,0.2924444961,0.4630568007,0.2444987031,0.2975346705,0.4711165860,0.2313487435,0.0171078360
18.0000000000,52.0000000000,0.2387384466,0.5102458858,0.2510156676,0.2418362124,0.5168666134,0.2412971742,0.0128093544
18.0000000000,53.0000000000,0.2078225350,0.5450851465,0.2470923184,0.2101442926,0.5511747439,0.2386809635,0.0110483970
18.0000000000,54.0000000000,0.1957428924,0.5636476935,0.2406094141,0.1979053627,0.5698745935,0.2322200438,0.0109267900
18.0000000000,55.0000000000,0.1979847646,0.5761433176,0.2258719178,0.2005715302,0.5836709055,0.2157575644,0.0128969730
18.0000000000,58.0000000000,0.2043393093,0.6517919268,0.1438687639,0.2140573533,0.6827900869,0.1031525597,0.0453992534
18.0000000000,60.0000000000,0.1814829077,0.6839270486,0.1345900437,0.1921888744,0.7242729982,0.0835381274,0.0557054449
18.0000000000,61.0000000000,0.1771942846,0.6918531774,0.1309525380,0.1854712786,0.7241706115,0.0903581098,0.0446268236
18.0000000000,63.0000000000,0.2062479836,0.6513145528,0.1424374636,0.2101689098,0.6636965224,0.1261345679,0.0186560712
18.0000000000,64.0000000000,0.2309923919,0.6137301409,0.1552774672,0.2340153653,0.6217619634,0.1442226713,0.0129178414
18.0000000000,65.0000000000,0.2477092096,0.5810002312,0.1712905593,0.2501204182,0.5866557043,0.1632238775,0.0096401912
18.0000000000,66.0000000000,0.2774050912,0.5388770759,0.1837178329,0.2794861371,0.5429196402,0.1775942227,0.0074459718
18.0000000000,67.0000000000,0.3477028300,0.4687098871,0.1835872828,0.3496598098,0.4713479323,0.1789922579,0.0055968108
18.0000000000,68.0000000000,0.3476376138,0.4586625108,0.1936998754,0.3493398049,0.4609083300,0.1897518652,0.0048725940
18.0000000000,69.0000000000,0.2342790853,0.5445730048,0.2211479099,0.2355879860,0.5476154957,0.2167965183,0.0055558890
18.0000000000,70.0000000000,0.2086425395,0.5579008120,0.2334566484,0.2098203409,0.5610502002,0.2291294589,0.0056133804
19.0000000000,45.0000000000,0.3871130376,0.3357222327,0.2771647297,0.3978765479,0.3450568439,0.2570666083,0.0270523868
19.0000000000,46.0000000000,0.3824497858,0.3455948931,0.2719553211,0.3936696808,0.3557335795,0.2505967396,0.0285007853
19.0000000000,47.0000000000,0.3782570970,0.3562741808,0.2654687222,0.3894270269,0.3667949552,0.2437780179,0.0286829857
19.0000000000,48.0000000000,0.4523173695,0.3211773345,0.2265052960,0.4646085609,0.3299049501,0.2054864890,0.0264549396
19.0000000000,49.0000000000,0.4568239830,0.3314032082,0.2117728088,0.4682144767,0.3396664482,0.1921190751,0.0243275130
19.0000000000,50.0000000000,0.3459868439,0.4157268218,0.2382863343,0.3533191006,0.4245370290,0.2221438704,0.0207525059
19.0000000000,51.0000000000,0.2871489171,0.4653835613,0.2474675216,0.2915263056,0.4724780147,0.2359956797,0.0150154150
19.0000000000,52.0000000000,0.2381827499,0.5124873263,0.2493299238,0.2410682262,0.5186958785,0.2402358953,0.0119695422
19.0000000000,53.0000000000,0.2149540150,0.5488302787,0.2362157063,0.2173007531,0.5548220764,0.2278771704,0.0107994940
19.0000000000,54.0000000000,0.1995167731,0.5758902735,0.2245929534,0.2017146325,0.5822342305,0.2160511371,0.0108958845
19.0000000000,55.0000000000,0.2123070931,0.5815294154,0.2061634915,0.2149403539,0.5887421683,0.1963174777,0.0122511235
19.0000000000,64.0000000000,0.2224632665,0.6249099957,0.1526267378,0.2256491995,0.6338594345,0.1404913660,0.0141189644
19.0000000000,65.0000000000,0.2450358665,0.5877992207,0.1671649128,0.2476900039,0.5941660433,0.1581439528,0.0107155611
19.0000000000,66.0000000000,0.2661642531,0.5502844364,0.1835513105,0.2684321000,0.5549731232,0.1765947768,0.0084484935
19.0000000000,67.0000000000,0.3130975352,0.4969829479,0.1899195168,0.3151693327,0.5002715334,0.1845591339,0.0065736010
19.0000000000,68.0000000000,0.3583447947,0.4490609794,0.1925942260,0.3602348162,0.4514294662,0.1883357176,0.0052466377
19.0000000000,69.0000000000,0.2994435105,0.4861763451,0.2143801445,0.3010145911,0.4887271509,0.2102582579,0.0052192841
19.0000000000,70.0000000000,0.2367406949,0.5254967096,0.2377625955,0.2380423610,0.5283860365,0.2335716025,0.0054682120
20.0000000000,45.0000000000,0.3587766077,0.3634790520,0.2777443404,0.3695457074,0.3743893011,0.2560649914,0.0291414554
20.0000000000,46.0000000000,0.3534677769,0.3719422574,0.2745899657,0.3643136246,0.3833549782,0.2523313972,0.0297706343
20.0000000000,47.0000000000,0.3464636510,0.3822763098,0.2712600392,0.3567789923,0.3936579096,0.2495630981,0.0289124123
20.0000000000,48.0000000000,0.4079673487,0.3508615070,0.2411711443,0.4183565001,0.3597964213,0.2218470786,0.0248332496
20.0000000000,49.0000000000,0.4186216412,0.3553685263,0.2260098325,0.4278634393,0.3632139022,0.2089226584,0.0215998780
20.0000000000,50.0000000000,0.3182557039,0.4342280095,0.2475162866,0.3243120004,0.4424912191,0.2331967805,0.0186742905
20.0000000000,51.0000000000,0.2745283176,0.4761497084,0.2493219740,0.2784614451,0.4829714364,0.2385671185,0.0141244957
20.0000000000,52.0000000000,0.2383214072,0.5126454466,0.2490331461,0.2410702664,0.5185584285,0.2403713050,0.0114027302
20.0000000000,53.0000000000,0.2332804670,0.5390330681,0.2276864649,0.2356930259,0.5446076841,0.2196992900,0.0102360216
20.0000000000,54.0000000000,0.2258354158,0.5626977627,0.2114668215,0.2281284598,0.5684111747,0.2034603655,0.0100515475
20.0000000000,55.0000000000,0.2423629690,0.5651642999,0.1924727311,0.2450111717,0.5713396230,0.1836492052,0.0108084979
20.0000000000,64.0000000000,0.2130197835,0.6336714076,0.1533088090,0.2162155843,0.6431779782,0.1406064375,0.0147806221
20.0000000000,65.0000000000,0.2332493564,0.5987565672,0.1679940763,0.2360188002,0.6058657945,0.1581154053,0.0117339967
20.0000000000,66.0000000000,0.2605050830,0.5565465469,0.1829483701,0.2629840937,0.5618427385,0.1751731678,0.0094264663
20.0000000000,67.0000000000,0.3075095727,0.5003275210,0.1921629062,0.3097858634,0.5040311158,0.1861830208,0.0073479487
20.0000000000,68.0000000000,0.3710929856,0.4350441160,0.1938628985,0.3731855903,0.4374973431,0.1893170666,0.0056074103
20.0000000000,69.0000000000,0.3550186763,0.4363497276,0.2086315962,0.3568171166,0.4385601718,0.2046227116,0.0050402302
20.0000000000,70.0000000000,0.2696058252,0.4910824928,0.2393116820,0.2710664699,0.4937430327,0.2351904974,0.0053885112
20.0000000000,71.0000000000,0.2736580797,0.4817606761,0.2445812443,0.2750665454,0.4842402060,0.2406932486,0.0051204545
21.0000000000,45.0000000000,0.3645786231,0.3648034303,0.2706179466,0.3750563854,0.3752876535,0.2496559612,0.0279364989
21.0000000000,46.0000000000,0.3434064864,0.3821798561,0.2744136576,0.3533751668,0.3932740811,0.2533507521,0.0282099065
21.0000000000,47.0000000000,0.3293898432,0.3957375876,0.2748725692,0.3385943505,0.4067961238,0.2546095258,0.0271844679
21.0000000000,48.0000000000,0.3424480466,0.3931801594,0.2643717940,0.3508434878,0.4028193467,0.2463371655,0.0239293059
21.0000000000,49.0000000000,0.3541907336,0.3944359880,0.2513732784,0.3614762838,0.4025493656,0.2359743506,0.0201549880
21.0000000000,50.0000000000,0.2944781854,0.4439714506,0.2615503641,0.2995360121,0.4515969074,0.2488670805,0.0168855382
21.0000000000,51.0000000000,0.2638699102,0.4798529402,0.2562771495,0.2674406241,0.4863463579,0.2462130180,0.0133514266
21.0000000000,52.0000000000,0.2520306445,0.5018192337,0.2461501218,0.2548193941,0.5073719242,0.2378086817,0.0109440241
21.0000000000,53.0000000000,0.2579698139,0.5173411817,0.2246890043,0.2605017590,0.5224188280,0.2170794130,0.0097194932
21.0000000000,54.0000000000,0.2618932125,0.5335284432,0.2045783443,0.2643661610,0.5385663299,0.1970675092,0.0093542549
21.0000000000,55.0000000000,0.2913481837,0.5259010694,0.1827507469,0.2941571604,0.5309714420,0.1748713976,0.0095492379
21.0000000000,56.0000000000,0.3332741765,0.5101521063,0.1565737172,0.3367299746,0.5154419932,0.1478280322,0.0102628170
21.0000000000,57.0000000000,0.3514584058,0.5164296079,0.1321119863,0.3556920713,0.5226505154,0.1216574133,0.0119026143
21.0000000000,58.0000000000,0.3224886038,0.5653429725,0.1121684237,0.3273471905,0.5738603830,0.0987924265,0.0148423044
21.0000000000,61.0000000000,0.2145776995,0.6675005348,0.1179217657,0.2201483344,0.6848294640,0.0950222016,0.0253040066
21.0000000000,62.0000000000,0.2080894104,0.6633160118,0.1285945778,0.2125403540,0.6775040580,0.1099555880,0.0209416402
21.0000000000,63.0000000000,0.1964053728,0.6601435462,0.1434510809,0.1998440243,0.6717012930,0.1284546827,0.0172066763
21.0000000000,64.0000000000,0.1970676313,0.6450511605,0.1578812082,0.2000321820,0.6547548689,0.1452129492,0.0148203684
21.0000000000,65.0000000000,0.2134684120,0.6144267520,0.1721048360,0.2161931403,0.6222693454,0.1615375144,0.0126032134
21.0000000000,66.0000000000,0.2601882108,0.5567705424,0.1830412468,0.2628264334,0.5624160119,0.1747575547,0.0100378890
21.0000000000,67.0000000000,0.3036389645,0.5017609683,0.1946000672,0.3060627413,0.5057662400,0.1881710187,0.0079192152
21.0000000000,68.0000000000,0.3725574097,0.4297747135,0.1976678768,0.3747993197,0.4323609357,0.1928397445,0.0059816279
21.0000000000,69.0000000000,0.4051280574,0.3940797696,0.2007921730,0.4071618414,0.3960580901,0.1967800685,0.0049950261
21.0000000000,70.0000000000,0.2986538524,0.4639653233,0.2373808243,0.3002874843,0.4665032065,0.2332093092,0.0054402266
21.0000000000,71.0000000000,0.3044664205,0.4546376928,0.2408958867,0.3060513088,0.4570042919,0.2369443992,0.0051785053
22.0000000000,45.0000000000,0.4531971742,0.3124576004,0.2343452254,0.4643939677,0.3201772497,0.2154287825,0.0241105491
22.0000000000,46.0000000000,0.4248638014,0.3304005240,0.2447356746,0.4348665017,0.3381792460,0.2269542523,0.0230017723
22.0000000000,47.0000000000,0.3423961218,0.3872567803,0.2703470980,0.3508050586,0.3967674540,0.2524274874,0.0239703980
22.0000000000,48.0000000000,0.3504093781,0.3842083818,0.2653822400,0.3577569896,0.3922647128,0.2499782976,0.0205379956
22.0000000000,49.0000000000,0.3722255712,0.3721145314,0.2556598974,0.3782416098,0.3781287754,0.2436296148,0.0159052798
22.0000000000,50.0000000000,0.3071068398,0.4222630413,0.2706301189,0.3114263367,0.4282022249,0.2603714384,0.0138700437
22.0000000000,51.0000000000,0.2902686248,0.4500397685,0.2596916068,0.2936888951,0.4553426415,0.2509684634,0.0116458960
22.0000000000,52.0000000000,0.2880440191,0.4692022386,0.2427537423,0.2909735303,0.4739741940,0.2350522756,0.0100679647
22.0000000000,53.0000000000,0.3011628887,0.4801328896,0.2187042217,0.3039532386,0.4845814415,0.2114653199,0.0091801946
22.0000000000,54.0000000000,0.3195132907,0.4837004085,0.1967863008,0.3223065559,0.4879290387,0.1897644054,0.0086664860
22.0000000000,55.0000000000,0.3496181820,0.4775549193,0.1728268987,0.3527687250,0.4818583491,0.1653729259,0.0089309022
22.0000000000,56.0000000000,0.3787069648,0.4717932840,0.1494997512,0.3822923865,0.4762600037,0.1414476097,0.0093787421
22.0000000000,57.0000000000,0.3730262320,0.4938246659,0.1331491021,0.3769230475,0.4989834012,0.1240935513,0.0103384909
22.0000000000,58.0000000000,0.3379665448,0.5422119017,0.1198215535,0.3420208881,0.5487164307,0.1092626812,0.0118540809
22.0000000000,59.0000000000,0.2921131909,0.5920363066,0.1158505026,0.2964374665,0.6008004716,0.1027620619,0.0145874802
22.0000000000,61.0000000000,0.2318520938,0.6505568595,0.1175910466,0.2370501607,0.6651421842,0.0978076552,0.0219281305
22.0000000000,62.0000000000,0.2254368273,0.6455467497,0.1290164229,0.2295711768,0.6573856132,0.1130432100,0.0180090091
22.0000000000,63.0000000000,0.2047993057,0.6480021621,0.1471985322,0.2078799283,0.6577495101,0.1343705616,0.0148192403
22.0000000000,64.0000000000,0.2078088218,0.6302485164,0.1619426618,0.2105899313,0.6386831444,0.1507269244,0.0132062793
22.0000000000,66.0000000000,0.2556898699,0.5582815318,0.1860285983,0.2583044696,0.5639903335,0.1777051968,0.0101221623
22.0000000000,67.0000000000,0.3024019294,0.5026389365,0.1949591341,0.3048991492,0.5067897033,0.1883111475,0.0081903140
22.0000000000,68.0000000000,0.3564008722,0.4432273745,0.2003717534,0.3587125092,0.4461021733,0.1951853175,0.0064442610
22.0000000000,69.0000000000,0.4081031986,0.3925529990,0.1993438024,0.4102613914,0.3946289569,0.1951096517,0.0052605310
22.0000000000,70.0000000000,0.3261019326,0.4451781253,0.2287199420,0.3279101886,0.4476466663,0.2244431450,0.0055144855
22.0000000000,71.0000000000,0.3175168029,0.4466413396,0.2358418575,0.3192385896,0.4490633252,0.2316980853,0.0053934166
23.0000000000,45.0000000000,0.4829679125,0.3000360710,0.2169960165,0.4947404623,0.3073495788,0.1979099590,0.0237954052
23.0000000000,46.0000000000,0.4303853430,0.3314927054,0.2381219516,0.4402132375,0.3390623762,0.2207243863,0.0223253045
23.0000000000,47.0000000000,0.3767310384,0.3665314217,0.2567375398,0.3849392071,0.3745173624,0.2405434306,0.0213232855
23.0000000000,48.0000000000,0.4406726956,0.3225106309,0.2368166736,0.4478149376,0.3277377506,0.2244473118,0.0159490927
23.0000000000,49.0000000000,0.3755598550,0.3632538657,0.2611862793,0.3806424069,0.3681698775,0.2511877156,0.0133525636
23.0000000000,50.0000000000,0.3315798586,0.4010847835,0.2673353580,0.3356214540,0.4059735679,0.2584049781,0.0120421248
23.0000000000,51.0000000000,0.3208092057,0.4242617689,0.2549290254,0.3243329583,0.4289218393,0.2467452023,0.0108646146
23.0000000000,52.0000000000,0.3284300427,0.4371619782,0.2344079791,0.3316508774,0.4414491209,0.2269000016,0.0097115218
23.0000000000,53.0000000000,0.3470150127,0.4433368343,0.2096481530,0.3501655693,0.4473618987,0.2024725320,0.0089973340
23.0000000000,54.0000000000,0.3650010745,0.4479189540,0.1870799715,0.3682136454,0.4518613298,0.1799250248,0.0087247470
23.0000000000,55.0000000000,0.3903693792,0.4460204037,0.1636102171,0.3939372762,0.4500969398,0.1559657840,0.0090570180
23.0000000000,56.0000000000,0.3966833928,0.4576157194,0.1457008879,0.4005285985,0.4620515657,0.1374198358,0.0096003275
23.0000000000,57.0000000000,0.3783681870,0.4876397634,0.1339920496,0.3822477212,0.4926396952,0.1251125836,0.0101492670
23.0000000000,58.0000000000,0.3410185095,0.5328201306,0.1261613599,0.3447554957,0.5386589381,0.1165855662,0.0108395259
23.0000000000,59.0000000000,0.2899815551,0.5872414571,0.1227769878,0.2936833131,0.5947378849,0.1115788020,0.0126045910
23.0000000000,60.0000000000,0.2604011073,0.6196548632,0.1199440296,0.2645027885,0.6294152929,0.1060819186,0.0155071379
23.0000000000,61.0000000000,0.2382189004,0.6418830036,0.1198980959,0.2428620435,0.6543939951,0.1027439614,0.0191184386
23.0000000000,62.0000000000,0.2330997310,0.6364927062,0.1304075628,0.2369408590,0.6469811353,0.1160780057,0.0162113367
23.0000000000,63.0000000000,0.2240705293,0.6272361520,0.1486933187,0.2270084861,0.6354603157,0.1375311982,0.0129420571
23.0000000000,64.0000000000,0.2188026984,0.6153331512,0.1658641504,0.2213672475,0.6225453663,0.1560873862,0.0115850434
23.0000000000,65.0000000000,0.2273759161,0.5934961749,0.1791279090,0.2298579124,0.5999746768,0.1701674108,0.0107979589
23.0000000000,66.0000000000,0.2636575980,0.5472121315,0.1891302705,0.2661605635,0.5524069488,0.1814324877,0.0094039681
23.0000000000,67.0000000000,0.3025245706,0.4994562041,0.1980192253,0.3049192775,0.5034097714,0.1916709511,0.0078535767
23.0000000000,68.0000000000,0.3542809055,0.4442826067,0.2014364878,0.3565484821,0.4471262395,0.1963252784,0.0063597987
23.0000000000,69.0000000000,0.3885038796,0.4075882878,0.2039078327,0.3906412593,0.4098306616,0.1995280791,0.0054714644
23.0000000000,70.0000000000,0.3391149221,0.4380666002,0.2228184777,0.3410240913,0.4405328534,0.2184430553,0.0055983412
23.0000000000,71.0000000000,0.3191059845,0.4479790520,0.2329149635,0.3208930324,0.4504878110,0.2286191566,0.0055689831
24.0000000000,45.0000000000,0.4652669543,0.3177145943,0.2170184513,0.4773722192,0.3259808579,0.1966469229,0.0253581259
24.0000000000,46.0000000000,0.3923181423,0.3629126532,0.2447692045,0.4020975126,0.3719590287,0.2259434587,0.0243208924
24.0000000000,47.0000000000,0.4870585954,0.2973667276,0.2155746771,0.4959661726,0.3028051227,0.2012287047,0.0179600499
24.0000000000,48.0000000000,0.4630085942,0.3092083877,0.2277830181,0.4698406391,0.3137709932,0.2163883677,0.0145411961
24.0000000000,49.0000000000,0.3635255391,0.3725832072,0.2638912537,0.3683091671,0.3774860249,0.2542048080,0.0129880774
24.0000000000,50.0000000000,0.3518278919,0.3882185327,0.2599535754,0.3559160692,0.3927295628,0.2513543680,0.0114863521
24.0000000000,51.0000000000,0.3501507792,0.4037781190,0.2460711018,0.3538646592,0.4080607982,0.2380745425,0.0104951989
24.0000000000,52.0000000000,0.3660584557,0.4096838515,0.2242576928,0.3695684310,0.4136121318,0.2168194372,0.0094974977
24.0000000000,53.0000000000,0.3859995642,0.4133126669,0.2006877689,0.3894975533,0.4170581717,0.1934442749,0.0089807730
24.0000000000,54.0000000000,0.4099673061,0.4135870176,0.1764456763,0.4136320736,0.4172841423,0.1690837840,0.0088599695
24.0000000000,55.0000000000,0.4254622726,0.4178656816,0.1566720458,0.4294250180,0.4217576725,0.1488173096,0.0092280262
24.0000000000,56.0000000000,0.4218039988,0.4361355060,0.1420604951,0.4259500476,0.4404224238,0.1336275287,0.0097336501
24.0000000000,57.0000000000,0.3923461098,0.4734344872,0.1342194030,0.3963481010,0.4782635925,0.1253883065,0.0100971627
24.0000000000,58.0000000000,0.3441564055,0.5259746185,0.1298689760,0.3478023428,0.5315467086,0.1206509486,0.0104827854
24.0000000000,59.0000000000,0.2758809078,0.5947991633,0.1293199289,0.2792179279,0.6019937778,0.1187882943,0.0119513104
24.0000000000,60.0000000000,0.2497364600,0.6250128730,0.1252506670,0.2533871630,0.6341494498,0.1124633872,0.0144076082
24.0000000000,61.0000000000,0.2309439624,0.6470849455,0.1219710921,0.2351512602,0.6588734288,0.1059753111,0.0178918783
24.0000000000,62.0000000000,0.2391919218,0.6298931976,0.1309148805,0.2428735940,0.6395885929,0.1175378131,0.0151587996
24.0000000000,63.0000000000,0.2445800851,0.6065849422,0.1488349727,0.2475235950,0.6138851637,0.1385912413,0.0118918357
24.0000000000,64.0000000000,0.2345670132,0.5965658768,0.1688671101,0.2370310777,0.6028326437,0.1601362786,0.0103955334
24.0000000000,65.0000000000,0.2380855102,0.5768485253,0.1850659646,0.2403879890,0.5824271157,0.1771848953,0.0095781777
24.0000000000,66.0000000000,0.2714352929,0.5337363880,0.1948283191,0.2737242968,0.5382373674,0.1880383358,0.0083624431
24.0000000000,67.0000000000,0.3078900231,0.4888760204,0.2032339565,0.3100941581,0.4923758048,0.1975300371,0.0071079538
24.0000000000,68.0000000000,0.3554551396,0.4392290452,0.2053158152,0.3575781167,0.4418523670,0.2005695163,0.0059371002
24.0000000000,69.0000000000,0.3868998552,0.4070273698,0.2060727750,0.3889598354,0.4091945153,0.2018456493,0.0052961256
24.0000000000,70.0000000000,0.3569820058,0.4234555011,0.2195624931,0.3589167750,0.4257505430,0.2153326819,0.0053905790
24.0000000000,71.0000000000,0.3174871706,0.4480210455,0.2344917840,0.3192695372,0.4505362267,0.2301942361,0.0055826392
25.0000000000,45.0000000000,0.4674765088,0.3194507485,0.2130727427,0.4799911492,0.3280026462,0.1920062046,0.0260726484
25.0000000000,46.0000000000,0.4978681547,0.2964783571,0.2056534881,0.5088116435,0.3029951579,0.1881931986,0.0215079370
25.0000000000,47.0000000000,0.5126909403,0.2840450714,0.2032639883,0.5217581830,0.2890685767,0.1891732403,0.0173782473
25.0000000000,48.0000000000,0.3853522334,0.3640700783,0.2505776883,0.3918059314,0.3701673528,0.2380267158,0.0164716700
25.0000000000,49.0000000000,0.3838205967,0.3644568395,0.2517225638,0.3889328561,0.3693111854,0.2417559585,0.0131443239
25.0000000000,50.0000000000,0.3757087138,0.3761497675,0.2481415187,0.3800833189,0.3805295080,0.2393871732,0.0115095949
25.0000000000,51.0000000000,0.3755011489,0.3877113888,0.2367874623,0.3794699218,0.3918092150,0.2287208632,0.0104587286
25.0000000000,52.0000000000,0.3942700580,0.3887160457,0.2170138962,0.3980127892,0.3924060537,0.2095811571,0.0094035450
25.0000000000,53.0000000000,0.4210522847,0.3862334263,0.1927142890,0.4247920749,0.3896639551,0.1855439700,0.0088038135
25.0000000000,54.0000000000,0.4481217881,0.3832193646,0.1686588472,0.4520758277,0.3866007323,0.1613234400,0.0087464078
25.0000000000,55.0000000000,0.4597891218,0.3893849340,0.1508259442,0.4640285220,0.3929751855,0.1429962925,0.0091360769
25.0000000000,56.0000000000,0.4545966184,0.4079419334,0.1374614482,0.4590329531,0.4119229726,0.1290440742,0.0096645235
25.0000000000,57.0000000000,0.4130394452,0.4542303351,0.1327302197,0.4172995999,0.4589153392,0.1237850609,0.0102088636
25.0000000000,58.0000000000,0.3458027484,0.5226805133,0.1315167383,0.3496168035,0.5284454539,0.1219377426,0.0109092443
25.0000000000,59.0000000000,0.2779456024,0.5907983052,0.1312560924,0.2813998941,0.5981407119,0.1204593940,0.0122753837
25.0000000000,60.0000000000,0.2401152929,0.6320081265,0.1278765806,0.2437037078,0.6414532033,0.1148430889,0.0147244985
25.0000000000,61.0000000000,0.2302927535,0.6462581126,0.1234491339,0.2345648495,0.6582466649,0.1071884856,0.0182128569
25.0000000000,62.0000000000,0.2396161697,0.6280117212,0.1323721092,0.2433382237,0.6377668789,0.1188948974,0.0152958049
25.0000000000,63.0000000000,0.2509955099,0.5994164802,0.1495880099,0.2540045108,0.6066024442,0.1393930450,0.0118462497
25.0000000000,64.0000000000,0.2487397573,0.5799482223,0.1713120204,0.2512261399,0.5857453380,0.1630285221,0.0098969899
25.0000000000,65.0000000000,0.2541556522,0.5558361419,0.1900082059,0.2563996950,0.5607438434,0.1828564617,0.0087521272
25.0000000000,66.0000000000,0.2829843764,0.5155357335,0.2014798901,0.2851355021,0.5194546147,0.1954098832,0.0075442225
25.0000000000,67.0000000000,0.3154046720,0.4756150050,0.2089803231,0.3174631926,0.4787191546,0.2038176528,0.0064842813
25.0000000000,68.0000000000,0.3472245124,0.4396724625,0.2131030250,0.3491888766,0.4421598354,0.2086512879,0.0056255062
25.0000000000,69.0000000000,0.3688892535,0.4160654647,0.2150452818,0.3707920767,0.4182116346,0.2109962887,0.0051317795
25.0000000000,70.0000000000,0.3438028745,0.4293971822,0.2267999433,0.3456087228,0.4316526205,0.2227386567,0.0052251237
25.0000000000,71.0000000000,0.3138404179,0.4483132905,0.2378462916,0.3155669384,0.4507795824,0.2336534792,0.0054711704
26.0000000000,45.0000000000,0.4206204229,0.3538740161,0.2255055610,0.4325544549,0.3639142890,0.2035312562,0.0275896638
26.0000000000,46.0000000000,0.4424504798,0.3351243941,0.2224251261,0.4529054873,0.3430433098,0.2040512029,0.0230843029
26.0000000000,47.0000000000,0.3783027003,0.3753926377,0.2463046620,0.3864910044,0.3835179539,0.2299910417,0.0211862735
26.0000000000,48.0000000000,0.3653109539,0.3813827756,0.2533062706,0.3718349259,0.3881937691,0.2399713050,0.0175453449
26.0000000000,49.0000000000,0.3946091645,0.3612517324,0.2441391031,0.4000198589,0.3662050454,0.2337750957,0.0135260644
26.0000000000,50.0000000000,0.3917469773,0.3679968319,0.2402561907,0.3963397113,0.3723111257,0.2313491629,0.0115878724
26.0000000000,51.0000000000,0.3923549197,0.3762838378,0.2313612426,0.3964538804,0.3802149027,0.2233312169,0.0103390607
26.0000000000,52.0000000000,0.4117808350,0.3757928789,0.2124262861,0.4156648705,0.3793374656,0.2049976640,0.0093441514
26.0000000000,53.0000000000,0.4423810221,0.3693000666,0.1883189113,0.4462549078,0.3725339899,0.1812111023,0.0086808810
26.0000000000,54.0000000000,0.4604713511,0.3725717211,0.1669569278,0.4645677175,0.3758861299,0.1595461526,0.0088175874
26.0000000000,55.0000000000,0.4624010675,0.3862144931,0.1513844394,0.4667406120,0.3898390414,0.1434203467,0.0092975507
26.0000000000,56.0000000000,0.4446882539,0.4152422706,0.1400694755,0.4492866920,0.4195362133,0.1311770947,0.0102349751
26.0000000000,57.0000000000,0.4011686757,0.4654667204,0.1333646039,0.4058568481,0.4709062982,0.1232368536,0.0115512956
26.0000000000,58.0000000000,0.3286234197,0.5418786204,0.1294979600,0.3329855382,0.5490714698,0.1179429920,0.0131000240
26.0000000000,59.0000000000,0.2656779759,0.6068172057,0.1275048184,0.2696481351,0.6158851795,0.1144666854,0.0147234811
26.0000000000,60.0000000000,0.2341729084,0.6390160130,0.1268110787,0.2381059773,0.6497486550,0.1121453677,0.0165181443
26.0000000000,61.0000000000,0.2361992381,0.6392392467,0.1245615152,0.2407227144,0.6514813844,0.1077959011,0.0187912318
26.0000000000,62.0000000000,0.2438043353,0.6220233367,0.1341723280,0.2477372674,0.6320575125,0.1202052200,0.0158754158
26.0000000000,63.0000000000,0.2573317358,0.5908870636,0.1517812006,0.2605071303,0.5981784283,0.1413144413,0.0121892806
26.0000000000,64.0000000000,0.2628070157,0.5629588800,0.1742341044,0.2653829911,0.5684768767,0.1661401322,0.0097066336
26.0000000000,65.0000000000,0.2728229976,0.5332861078,0.1938908946,0.2750613561,0.5376614189,0.1872772250,0.0081376698
26.0000000000,66.0000000000,0.2961545765,0.4964653965,0.2073800271,0.2982049596,0.4999026024,0.2018924380,0.0068757512
26.0000000000,67.0000000000,0.3211473724,0.4632978490,0.2155547787,0.3230651333,0.4660644745,0.2108703921,0.0059361434
26.0000000000,68.0000000000,0.3425269959,0.4369857581,0.2204872460,0.3443448126,0.4393048746,0.2163503127,0.0052790594
26.0000000000,69.0000000000,0.3703015364,0.4100274166,0.2196710471,0.3720877610,0.4120052670,0.2159069720,0.0048005465
26.0000000000,70.0000000000,0.3437488763,0.4248936741,0.2313574496,0.3454416513,0.4269860429,0.2275723058,0.0049003212
26.0000000000,71.0000000000,0.3109791834,0.4447266220,0.2442941946,0.3125951545,0.4470375978,0.2403672478,0.0051695333
27.0000000000,45.0000000000,0.3230518927,0.4202772074,0.2566708999,0.3328314495,0.4330000081,0.2341685424,0.0293829110
27.0000000000,46.0000000000,0.3513801178,0.3957013644,0.2529185178,0.3601626354,0.4055916629,0.2342457017,0.0243848661
27.0000000000,47.0000000000,0.3497214822,0.3922535799,0.2580249379,0.3569321899,0.4003412327,0.2427265774,0.0202018981
27.0000000000,48.0000000000,0.3788218718,0.3684083292,0.2527697990,0.3848337120,0.3742549082,0.2409113798,0.0156219167
27.0000000000,49.0000000000,0.4067835977,0.3513435672,0.2418728351,0.4119704629,0.3558235210,0.2322060161,0.0125903814
27.0000000000,50.0000000000,0.4053504658,0.3586113348,0.2360381994,0.4099004709,0.3626366994,0.2274628297,0.0111002680
27.0000000000,51.0000000000,0.4080200098,0.3656634149,0.2263165753,0.4121394250,0.3693551932,0.2185053817,0.0099951982
27.0000000000,52.0000000000,0.4210860922,0.3693647823,0.2095491255,0.4250417060,0.3728345347,0.2021237593,0.0093064134
27.0000000000,53.0000000000,0.4511672882,0.3621477010,0.1866850108,0.4551384166,0.3653352882,0.1795262952,0.0087251005
27.0000000000,54.0000000000,0.4639011659,0.3695267186,0.1665721154,0.4680770610,0.3728530841,0.1590698549,0.0089213837
27.0000000000,55.0000000000,0.4492964065,0.3977511514,0.1529524421,0.4537738435,0.4017149173,0.1445112392,0.0098671114
27.0000000000,56.0000000000,0.4221660345,0.4372443622,0.1405896032,0.4271385952,0.4423945257,0.1304668791,0.0116415624
27.0000000000,57.0000000000,0.3669317040,0.5016803319,0.1313879641,0.3725194888,0.5093201234,0.1181603878,0.0149999798
27.0000000000,58.0000000000,0.3032827900,0.5713398117,0.1253773983,0.3089804699,0.5820733960,0.1089461341,0.0184402592
27.0000000000,59.0000000000,0.2556874474,0.6207789027,0.1235336499,0.2609685618,0.6336008243,0.1054306139,0.0202365924
27.0000000000,60.0000000000,0.2365828302,0.6387560896,0.1246610802,0.2414094402,0.6517875786,0.1068029812,0.0199934602
27.0000000000,61.0000000000,0.2433860518,0.6303647185,0.1262492297,0.2482982929,0.6430873190,0.1086143881,0.0197836283
27.0000000000,62.0000000000,0.2490434525,0.6147465243,0.1362100231,0.2532589891,0.6251522845,0.1215887264,0.0166451607
27.0000000000,63.0000000000,0.2631298613,0.5819371493,0.1549329894,0.2664929568,0.5893749603,0.1441320830,0.0126198286
27.0000000000,64.0000000000,0.2769098972,0.5459467911,0.1771433117,0.2796056207,0.5512615942,0.1691327852,0.0096411633
27.0000000000,65.0000000000,0.2896644644,0.5117920056,0.1985435301,0.2919064581,0.5157532595,0.1923402824,0.0076805213
27.0000000000,66.0000000000,0.3031980734,0.4825305254,0.2142714012,0.3051631794,0.4856579318,0.2091788888,0.0064395251
27.0000000000,67.0000000000,0.3212176444,0.4562676169,0.2225147387,0.3230252870,0.4588352492,0.2181394638,0.0055959787
27.0000000000,68.0000000000,0.3359506062,0.4373331430,0.2267162507,0.3376554338,0.4395524502,0.2227921161,0.0050490155
27.0000000000,69.0000000000,0.3466446712,0.4252023008,0.2281530280,0.3483063728,0.4272405821,0.2244530451,0.0047708044
27.0000000000,70.0000000000,0.3508839255,0.4182076844,0.2309083901,0.3525249860,0.4201636137,0.2273114003,0.0046551610
27.0000000000,71.0000000000,0.3086397582,0.4427270567,0.2486331851,0.3101618437,0.4449104062,0.2449277501,0.0049073913
28.0000000000,45.0000000000,0.3314870926,0.4058432912,0.2626696162,0.3397195466,0.4159223751,0.2443580783,0.0242330889
28.0000000000,46.0000000000,0.3524089935,0.3846865176,0.2629044890,0.3594776979,0.3924026523,0.2481196498,0.0196638191
28.0000000000,47.0000000000,0.3674197499,0.3671618750,0.2654183751,0.3731425295,0.3728806381,0.2539768325,0.0153367123
28.0000000000,48.0000000000,0.3924916812,0.3491214172,0.2583869016,0.3974332838,0.3535169734,0.2490497428,0.0124337913
28.0000000000,49.0000000000,0.4121323846,0.3429075892,0.2449600262,0.4168177214,0.3468059423,0.2363763363,0.0112407332
28.0000000000,50.0000000000,0.4130340734,0.3509254566,0.2360404700,0.4174225326,0.3546540159,0.2279234515,0.0105132302
28.0000000000,51.0000000000,0.4176120022,0.3578551417,0.2245328561,0.4216865701,0.3613466722,0.2169667577,0.0096625507
28.0000000000,52.0000000000,0.4267519628,0.3647310044,0.2085170328,0.4307285210,0.3681296391,0.2011418399,0.0092321682
28.0000000000,53.0000000000,0.4459559699,0.3656360597,0.1884079705,0.4499814306,0.3689365057,0.1810820636,0.0089458376
28.0000000000,54.0000000000,0.4534406986,0.3770913353,0.1694679661,0.4576936271,0.3806281649,0.1616782080,0.0092920859
28.0000000000,55.0000000000,0.4355040772,0.4104695973,0.1540263255,0.4402096488,0.4149046742,0.1448856770,0.0106893876
28.0000000000,56.0000000000,0.3985129780,0.4615866807,0.1399003413,0.4040511392,0.4680013813,0.1279474795,0.0137065847
28.0000000000,57.0000000000,0.3359711072,0.5358839317,0.1281449611,0.3430285367,0.5471407423,0.1098307210,0.0205738847
28.0000000000,58.0000000000,0.2921699863,0.5864438216,0.1213861921,0.3000188656,0.6021980981,0.0977830363,0.0261612858
28.0000000000,59.0000000000,0.2514071150,0.6280038112,0.1205890738,0.2588001326,0.6464712410,0.0947286264,0.0285665141
28.0000000000,60.0000000000,0.2346462478,0.6427033384,0.1226504138,0.2410951645,0.6603671208,0.0985377147,0.0267484281
28.0000000000,61.0000000000,0.2484482078,0.6236135154,0.1279382768,0.2540713621,0.6377278253,0.1082008126,0.0221321846
28.0000000000,62.0000000000,0.2579524284,0.6023393438,0.1397082278,0.2626047797,0.6132029524,0.1241922679,0.0177161713
28.0000000000,63.0000000000,0.2756276158,0.5663971006,0.1579752836,0.2792159182,0.5737708321,0.1470132498,0.0128513530
28.0000000000,64.0000000000,0.2881209436,0.5308215800,0.1810574764,0.2909098074,0.5359596623,0.1731305303,0.0095866958
28.0000000000,65.0000000000,0.3033062260,0.4935452588,0.2031485152,0.3055580458,0.4972094599,0.1972324943,0.0073695320
28.0000000000,66.0000000000,0.3094545225,0.4688896679,0.2216558096,0.3113420808,0.4717497217,0.2169081975,0.0060626508
28.0000000000,67.0000000000,0.3248452050,0.4484399841,0.2267148109,0.3265770668,0.4508307724,0.2225921608,0.0053030725
28.0000000000,68.0000000000,0.3365969836,0.4336752067,0.2297278097,0.3382377311,0.4357891636,0.2259731053,0.0048508707
28.0000000000,69.0000000000,0.3395932986,0.4290866962,0.2313200052,0.3412060524,0.4311244608,0.2276694868,0.0047266272
28.0000000000,70.0000000000,0.3469476176,0.4225568225,0.2304955599,0.3485767804,0.4245410237,0.2268821959,0.0046737559
28.0000000000,71.0000000000,0.3148615651,0.4414124718,0.2437259631,0.3164043461,0.4435753360,0.2400203179,0.0048759792
29.0000000000,46.0000000000,0.3526363756,0.3736105538,0.2737530706,0.3584126051,0.3797303431,0.2618570518,0.0161161450
29.0000000000,47.0000000000,0.3747720484,0.3519933835,0.2732345681,0.3795422895,0.3564736891,0.2639840214,0.0125684048
29.0000000000,48.0000000000,0.3977574787,0.3386448700,0.2635976513,0.4020931406,0.3423361887,0.2555706707,0.0107827302
29.0000000000,49.0000000000,0.4083325389,0.3406758875,0.2509915736,0.4126548397,0.3442820259,0.2430631344,0.0104743732
29.0000000000,50.0000000000,0.4091848861,0.3519025812,0.2389125327,0.4134229879,0.3555473858,0.2310296263,0.0102512485
29.0000000000,51.0000000000,0.4153951884,0.3582232731,0.2263815384,0.4193932921,0.3616711074,0.2189356004,0.0095330654
29.0000000000,52.0000000000,0.4291540872,0.3637619011,0.2070840117,0.4331506773,0.3671495124,0.1996998103,0.0092267895
29.0000000000,53.0000000000,0.4437660939,0.3682979585,0.1879359476,0.4478347351,0.3716746750,0.1804905899,0.0090851400
29.0000000000,54.0000000000,0.4494586682,0.3803939093,0.1701474225,0.4537597562,0.3840340831,0.1622061607,0.0094787780
29.0000000000,55.0000000000,0.4287256840,0.4170643726,0.1542099434,0.4335597459,0.4217669483,0.1446733058,0.0111497018
29.0000000000,56.0000000000,0.3992761164,0.4639740549,0.1367498287,0.4053367476,0.4710167392,0.1236465132,0.0149520892
29.0000000000,57.0000000000,0.3303406171,0.5438219146,0.1258374683,0.3385619455,0.5573562434,0.1040818112,0.0242830846
29.0000000000,58.0000000000,0.2818765500,0.5965417787,0.1215816713,0.2911813898,0.6162338236,0.0925847866,0.0319554756
29.0000000000,59.0000000000,0.2572191195,0.6227337872,0.1200470932,0.2663346337,0.6448026704,0.0888626959,0.0342257936
29.0000000000,60.0000000000,0.2391231689,0.6383534630,0.1225233681,0.2468834766,0.6590700642,0.0940464591,0.0314330787
29.0000000000,61.0000000000,0.2522196038,0.6185166322,0.1292637640,0.2583831449,0.6336314475,0.1079854076,0.0238542694
29.0000000000,62.0000000000,0.2667053035,0.5916454298,0.1416492666,0.2716666571,0.6026514434,0.1256818995,0.0182626519
29.0000000000,63.0000000000,0.2807984272,0.5582993685,0.1609022043,0.2845006638,0.5656603656,0.1498389706,0.0130131037
29.0000000000,64.0000000000,0.2901243726,0.5247139083,0.1851617191,0.2928994307,0.5297328304,0.1773677389,0.0094744403
29.0000000000,65.0000000000,0.3017652799,0.4894171517,0.2088175684,0.3039577242,0.4929729610,0.2030693148,0.0072129906
29.0000000000,66.0000000000,0.3144583070,0.4565189692,0.2290227238,0.3162858223,0.4591720884,0.2245420894,0.0057780498
29.0000000000,67.0000000000,0.3301999305,0.4375817536,0.2322183160,0.3318836187,0.4398129814,0.2283033999,0.0050731286
29.0000000000,68.0000000000,0.3298096696,0.4359033221,0.2342870083,0.3314044424,0.4380111038,0.2305844538,0.0048121650
29.0000000000,69.0000000000,0.3346134757,0.4321172242,0.2332693001,0.3362159916,0.4341867006,0.2295973078,0.0047663284
29.0000000000,70.0000000000,0.3382812502,0.4294100000,0.2323087499,0.3398969062,0.4314608935,0.2286422003,0.0047533707
29.0000000000,71.0000000000,0.3164308750,0.4422624007,0.2413067243,0.3179792549,0.4444265074,0.2375942378,0.0048694366
