Lon,Lat,LCC_all_AD1900_C,LCC_all_AD1900_B,LCC_all_AD1900_U,NLC_all_AD1900_C,NLC_all_AD1900_B,NLC_all_AD1900_O,HLU_all_AD1900
-10.0000000000,52.0000000000,0.0293362094,0.1080167938,0.8626469969,0.1225797155,0.4513421511,0.4260781334,0.7606764768
-10.0000000000,53.0000000000,0.0272932170,0.1015720927,0.8711346904,0.1195503576,0.4449083455,0.4355412969,0.7717010847
-10.0000000000,54.0000000000,0.0311039641,0.1154196476,0.8534763883,0.1093969934,0.4059470480,0.4846559586,0.7156780714
-10.0000000000,55.0000000000,0.0365545990,0.1330711455,0.8303742556,0.0964546479,0.3511276513,0.5524177008,0.6210177553
-9.0000000000,52.0000000000,0.0258369578,0.0947721817,0.8793908605,0.1238289924,0.4542153865,0.4219556212,0.7913496889
-9.0000000000,53.0000000000,0.0201957169,0.0775856747,0.9022186083,0.1197017648,0.4598570197,0.4204412155,0.8312830479
-9.0000000000,54.0000000000,0.0228796560,0.0875059951,0.8896143489,0.1114562661,0.4262778893,0.4622658446,0.7947207743
-9.0000000000,55.0000000000,0.0343736108,0.1283740132,0.8372523759,0.0940106968,0.3510987105,0.5548905926,0.6343648968
-8.0000000000,53.0000000000,0.0206471317,0.0779316274,0.9014212408,0.1183792821,0.4468170314,0.4348036865,0.8255849219
-8.0000000000,54.0000000000,0.0228843000,0.0863322340,0.8907834660,0.1102013112,0.4157402841,0.4740584048,0.7923409462
-8.0000000000,55.0000000000,0.0347600851,0.1333521258,0.8318877891,0.0889525638,0.3412538672,0.5697935690,0.6092289683
-8.0000000000,56.0000000000,0.0428061213,0.1483081117,0.8088857671,0.0806329743,0.2793648152,0.6400022105,0.4691238710
-7.0000000000,53.0000000000,0.0276909177,0.1022017571,0.8701073252,0.1091333995,0.4027900157,0.4880765847,0.7462654160
-7.0000000000,54.0000000000,0.0315264705,0.1150075329,0.8534659966,0.1030322150,0.3758581493,0.5211096358,0.6940134645
-7.0000000000,55.0000000000,0.0416667874,0.1498184962,0.8085147164,0.0890678981,0.3202555173,0.5906765846,0.5321907411
-7.0000000000,56.0000000000,0.0471649676,0.1589781422,0.7938568902,0.0764285035,0.2576162374,0.6659552590,0.3828877256
-7.0000000000,58.0000000000,0.0420287273,0.1271638463,0.8308074264,0.0557213380,0.1685927728,0.7756858892,0.2457337038
-7.0000000000,59.0000000000,0.0354691666,0.1136672038,0.8508636295,0.0475678802,0.1524396666,0.7999924532,0.2543462843
-6.0000000000,51.0000000000,0.0502359256,0.1590086930,0.7907553814,0.1171774089,0.3708944626,0.5119281285,0.5712831843
-6.0000000000,55.0000000000,0.0449741024,0.1574618389,0.7975640588,0.0805879947,0.2821520200,0.6372599853,0.4419255306
-6.0000000000,56.0000000000,0.0490148458,0.1565707511,0.7944144031,0.0715122902,0.2284355447,0.7000521651,0.3145954963
-6.0000000000,57.0000000000,0.0431436111,0.1392138390,0.8176425499,0.0570216575,0.1839948868,0.7589834557,0.2433820232
-6.0000000000,58.0000000000,0.0389493278,0.1265083732,0.8345422990,0.0495628613,0.1609813908,0.7894557478,0.2141428737
-6.0000000000,59.0000000000,0.0376154445,0.1199626799,0.8424218756,0.0492867448,0.1571846368,0.7935286185,0.2368040393
-5.0000000000,49.0000000000,0.0486633679,0.1596981262,0.7916385059,0.1200955278,0.3941163874,0.4857880849,0.5947945040
-5.0000000000,51.0000000000,0.0510366297,0.1612288391,0.7877345312,0.1107945619,0.3500089780,0.5391964601,0.5393579901
-5.0000000000,52.0000000000,0.0498885375,0.1597489585,0.7903625040,0.1020758414,0.3268588373,0.5710653213,0.5112600907
-5.0000000000,53.0000000000,0.0497226415,0.1610970018,0.7891803567,0.0931331142,0.3017431298,0.6051237560,0.4661121137
-5.0000000000,54.0000000000,0.0488723612,0.1580518508,0.7930757880,0.0868288937,0.2808022167,0.6323688896,0.4371417267
-5.0000000000,55.0000000000,0.0471472473,0.1526788972,0.8001738555,0.0776133782,0.2513386397,0.6710479821,0.3925371069
-5.0000000000,56.0000000000,0.0465700388,0.1442808050,0.8091491561,0.0698753392,0.2164840408,0.7136406200,0.3335268295
-5.0000000000,57.0000000000,0.1338592565,0.1459470561,0.7201936874,0.1773269552,0.1933399883,0.6293330565,0.2451274183
-5.0000000000,58.0000000000,0.0367092339,0.1264078543,0.8368829118,0.0466127192,0.1605104000,0.7928768808,0.2124631532
-5.0000000000,59.0000000000,0.0327199754,0.1173902616,0.8498897630,0.0422230095,0.1514845314,0.8062924591,0.2250676651
-4.0000000000,48.0000000000,0.0431520987,0.1511747226,0.8056731787,0.1159026283,0.4060416111,0.4780557606,0.6276866251
-4.0000000000,49.0000000000,0.0397340825,0.1363009157,0.8239650018,0.1194799809,0.4098554638,0.4706645553,0.6674415062
-4.0000000000,51.0000000000,0.0512482640,0.1567291221,0.7920226140,0.1119932461,0.3425014193,0.5455053346,0.5423986201
-4.0000000000,52.0000000000,0.0543268062,0.1568909548,0.7887822390,0.1069952964,0.3089928416,0.5840118620,0.4922505194
-4.0000000000,53.0000000000,0.0487686311,0.1575218470,0.7937095219,0.0865170645,0.2794486432,0.6340342923,0.4363119994
-4.0000000000,54.0000000000,0.0465234174,0.1509016183,0.8025749643,0.0791301099,0.2566634680,0.6642064221,0.4120642899
-4.0000000000,55.0000000000,0.0468176928,0.1459883739,0.8071939333,0.0743615468,0.2318764689,0.6937619843,0.3704045324
-4.0000000000,56.0000000000,0.0411804582,0.1358658886,0.8229536532,0.0648712418,0.2140284324,0.7211003257,0.3651970114
-4.0000000000,57.0000000000,0.0397717412,0.1314626261,0.8287656327,0.0588917683,0.1946624988,0.7464457329,0.3246638313
-4.0000000000,58.0000000000,0.0354849172,0.1272801596,0.8372349231,0.0492947685,0.1768144468,0.7738907847,0.2801484158
-4.0000000000,59.0000000000,0.0332380964,0.1193160990,0.8474458046,0.0453908465,0.1629413027,0.7916678509,0.2677356998
-3.0000000000,48.0000000000,0.0359933063,0.1276465417,0.8363601520,0.1206119634,0.4277378658,0.4516501708,0.7015776440
-3.0000000000,49.0000000000,0.0307784400,0.1115038219,0.8577177382,0.1185581730,0.4295113529,0.4519304742,0.7403937728
-3.0000000000,51.0000000000,0.0444352157,0.1448329844,0.8107317998,0.1095158398,0.3569580043,0.5335261558,0.5942576363
-3.0000000000,52.0000000000,0.0433957620,0.1363402764,0.8202639616,0.1058514371,0.3325627555,0.5615858074,0.5900314328
-3.0000000000,53.0000000000,0.0434706400,0.1375616028,0.8189677573,0.0929950611,0.2942802240,0.6127247149,0.5325489394
-3.0000000000,54.0000000000,0.0429841370,0.1325454090,0.8244704540,0.0840401544,0.2591452900,0.6568145556,0.4885285816
-3.0000000000,55.0000000000,0.0401691366,0.1350782869,0.8247525765,0.0672215432,0.2260484458,0.7067300110,0.4024365599
-3.0000000000,56.0000000000,0.0370888724,0.1320004159,0.8309107116,0.0608406751,0.2165337984,0.7226255265,0.3903934770
-3.0000000000,57.0000000000,0.0345833790,0.1261024838,0.8393141372,0.0570767439,0.2081207613,0.7348024948,0.3940898402
-3.0000000000,58.0000000000,0.0336703373,0.1257006915,0.8406289712,0.0537511322,0.2006678588,0.7455810090,0.3735883153
-2.0000000000,45.0000000000,0.0751196289,0.2477908256,0.6770895454,0.1002657326,0.3307381707,0.5689960968,0.2507945934
-2.0000000000,47.0000000000,0.0416515837,0.1513701299,0.8069782864,0.1155363063,0.4198818903,0.4645818034,0.6394935495
-2.0000000000,48.0000000000,0.0290642257,0.1089688099,0.8619669644,0.1186362288,0.4447959078,0.4365678634,0.7550139109
-2.0000000000,49.0000000000,0.0265458107,0.1006701078,0.8727840815,0.1168872145,0.4432732762,0.4398395093,0.7728938035
-2.0000000000,50.0000000000,0.0328812387,0.1192951392,0.8478236221,0.1136266546,0.4122444320,0.4741289135,0.7106203749
-2.0000000000,51.0000000000,0.0428645978,0.1434191166,0.8137162856,0.1104917047,0.3696902219,0.5198180735,0.6120559643
-2.0000000000,52.0000000000,0.0378932330,0.1254764059,0.8366303611,0.1056833276,0.3499507186,0.5443659538,0.6414454971
-2.0000000000,53.0000000000,0.0383924494,0.1260972826,0.8355102680,0.0941286753,0.3091589714,0.5967123533,0.5921280175
-2.0000000000,54.0000000000,0.0373775022,0.1258052552,0.8368172426,0.0804782007,0.2708736536,0.6486481457,0.5355574323
-2.0000000000,55.0000000000,0.0368419292,0.1287133062,0.8344447645,0.0701584485,0.2451100158,0.6847315357,0.4748753706
-2.0000000000,56.0000000000,0.0361681435,0.1291953047,0.8346365518,0.0636913991,0.2275104255,0.7087981754,0.4321345739
-1.0000000000,45.0000000000,0.0689439160,0.2308375974,0.7002184866,0.1070066804,0.3582791121,0.5347142075,0.3557045622
-1.0000000000,46.0000000000,0.0546775126,0.1896282881,0.7556941993,0.1139633431,0.3952387854,0.4907978715,0.5202184221
-1.0000000000,47.0000000000,0.0387850910,0.1420121356,0.8192027733,0.1167713758,0.4275599724,0.4556686517,0.6678544654
-1.0000000000,48.0000000000,0.0313012786,0.1153273225,0.8533713989,0.1189729287,0.4383472474,0.4426798239,0.7369041937
-1.0000000000,49.0000000000,0.0303170244,0.1136467426,0.8560362330,0.1160552267,0.4350459424,0.4488988309,0.7387707102
-1.0000000000,50.0000000000,0.0309445948,0.1168392666,0.8522161386,0.1107590401,0.4181992079,0.4710417519,0.7206133718
-1.0000000000,51.0000000000,0.0376457693,0.1331511454,0.8292030853,0.1079070224,0.3816615756,0.5104314020,0.6511277166
-1.0000000000,52.0000000000,0.0366738531,0.1271007915,0.8362253554,0.1030413196,0.3571109165,0.5398477639,0.6440859531
-1.0000000000,53.0000000000,0.0356166578,0.1281337218,0.8362496204,0.0887304429,0.3192147327,0.5920548244,0.5985970925
-1.0000000000,54.0000000000,0.0349139432,0.1249542236,0.8401318332,0.0804362811,0.2878750474,0.6316886715,0.5659428467
-1.0000000000,55.0000000000,0.0329701265,0.1257220052,0.8413078683,0.0664535794,0.2534014318,0.6801449888,0.5038622935
0.0000000000,45.0000000000,0.0556297709,0.1877279135,0.7566423156,0.1168642333,0.3943693879,0.4887663788,0.5239794992
0.0000000000,46.0000000000,0.0538614606,0.1822299320,0.7639086073,0.1178047515,0.3985698050,0.4836254435,0.5427904228
0.0000000000,47.0000000000,0.0446027859,0.1579644832,0.7974327309,0.1170040084,0.4143794462,0.4686165454,0.6187926678
0.0000000000,48.0000000000,0.0415403848,0.1459320387,0.8125275765,0.1181650833,0.4151158349,0.4667190818,0.6484546566
0.0000000000,49.0000000000,0.0548411758,0.1370941145,0.8080647096,0.1656870928,0.4141910695,0.4201218377,0.6690075556
0.0000000000,50.0000000000,0.0320440919,0.1245888997,0.8433670084,0.1074193309,0.4176512876,0.4749293815,0.7016915704
0.0000000000,51.0000000000,0.0354211640,0.1335012590,0.8310775770,0.1033302521,0.3894484871,0.5072212608,0.6572043199
0.0000000000,52.0000000000,0.0362552409,0.1340839049,0.8296608543,0.0980763630,0.3627189176,0.5392047194,0.6303366096
0.0000000000,53.0000000000,0.0393646906,0.1376855906,0.8229497188,0.0941510261,0.3293113561,0.5765376178,0.5818984432
0.0000000000,54.0000000000,0.0343314623,0.1296468773,0.8360216604,0.0806610859,0.3046027519,0.6147361622,0.5743739132
1.0000000000,45.0000000000,0.0621718241,0.1909359316,0.7468922444,0.1239591908,0.3806911558,0.4953496535,0.4984492582
1.0000000000,46.0000000000,0.0897025298,0.1926489694,0.7176485008,0.1776736916,0.3815795793,0.4407467291,0.4951276749
1.0000000000,47.0000000000,0.0660080333,0.1641866377,0.7698053290,0.1643172278,0.4087183302,0.4269644421,0.5982890279
1.0000000000,48.0000000000,0.0488557206,0.1606531477,0.7904911317,0.1247362138,0.4101723423,0.4650914439,0.6083276928
1.0000000000,49.0000000000,0.0612112599,0.1491878399,0.7896009002,0.1680246557,0.4095200049,0.4224553394,0.6357007273
1.0000000000,50.0000000000,0.0412272436,0.1367719084,0.8220008480,0.1259294805,0.4177726634,0.4562978561,0.6726164243
1.0000000000,51.0000000000,0.0357779023,0.1407684451,0.8234536525,0.1006814029,0.3961317914,0.5031868056,0.6446423938
1.0000000000,52.0000000000,0.0362170893,0.1420719805,0.8217109301,0.0948797949,0.3721933656,0.5329268395,0.6182844896
1.0000000000,53.0000000000,0.0367262354,0.1448152272,0.8184585374,0.0862391491,0.3400496083,0.5737112427,0.5741349977
2.0000000000,45.0000000000,0.1347827919,0.1923800621,0.6728371459,0.2392602604,0.3415043056,0.4192354341,0.4366687067
2.0000000000,46.0000000000,0.1441155440,0.1914335694,0.6644508867,0.2633161936,0.3497718388,0.3869119675,0.4526901594
2.0000000000,47.0000000000,0.0740543801,0.1550351024,0.7709105175,0.1948403490,0.4079042104,0.3972554406,0.6199227700
2.0000000000,48.0000000000,0.0608020531,0.1582128716,0.7809850753,0.1591192516,0.4140438099,0.4268369385,0.6178837413
2.0000000000,49.0000000000,0.0480357502,0.1492871376,0.8026771123,0.1353125252,0.4205288665,0.4441586083,0.6450014506
2.0000000000,50.0000000000,0.0510639201,0.1387201472,0.8102159327,0.1552627760,0.4217865583,0.4229506658,0.6711129257
2.0000000000,51.0000000000,0.0572482570,0.1486877749,0.7940639681,0.1557991760,0.4046487002,0.4395521238,0.6325509639
3.0000000000,45.0000000000,0.2078491672,0.1901373840,0.6020134488,0.3253783712,0.2976513841,0.3769702447,0.3612077949
3.0000000000,46.0000000000,0.1205000716,0.1958871838,0.6836127446,0.2188868945,0.3558266544,0.4252864510,0.4494870428
3.0000000000,47.0000000000,0.0859862486,0.1466279684,0.7673857830,0.2336919687,0.3985030070,0.3678050243,0.6320530439
3.0000000000,48.0000000000,0.0767122520,0.1500494715,0.7732382765,0.2100828920,0.4109229765,0.3789941315,0.6348476963
3.0000000000,49.0000000000,0.0689638216,0.1480456022,0.7829905762,0.1949755699,0.4185567882,0.3864676418,0.6462950635
3.0000000000,50.0000000000,0.0669991868,0.1459819844,0.7870188289,0.1929314820,0.4203710815,0.3866974364,0.6527306687
3.0000000000,51.0000000000,0.0772469665,0.1688571957,0.7538958378,0.1829309391,0.3998759666,0.4171930943,0.5777260705
3.0000000000,52.0000000000,0.0804951191,0.1967370325,0.7227678484,0.1509181140,0.3688569225,0.4802249635,0.4666304995
4.0000000000,45.0000000000,0.1104443464,0.1994839700,0.6900716836,0.1831459680,0.3307972383,0.4860567937,0.3969599897
4.0000000000,46.0000000000,0.1349805711,0.1821688232,0.6828506056,0.2567814061,0.3465503678,0.3966682262,0.4743366616
4.0000000000,47.0000000000,0.1014531413,0.1548235984,0.7437232603,0.2500351873,0.3815687412,0.3683960714,0.5942445446
4.0000000000,48.0000000000,0.0899310873,0.1517039891,0.7583649236,0.2389683267,0.4031136453,0.3579180279,0.6236694271
4.0000000000,49.0000000000,0.0827649098,0.1546174434,0.7626176468,0.2212661641,0.4133588583,0.3653749776,0.6259486393
4.0000000000,50.0000000000,0.0844805001,0.1655782950,0.7499412049,0.2101125098,0.4118118514,0.3780756388,0.5979273193
4.0000000000,51.0000000000,0.0914084105,0.1928166803,0.7157749092,0.1883509409,0.3973070197,0.4143420394,0.5146909802
4.0000000000,52.0000000000,0.0906143814,0.2096469863,0.6997386322,0.1626654318,0.3763455316,0.4609890365,0.4429401476
4.0000000000,53.0000000000,0.0839228096,0.2010415804,0.7150356100,0.1534043837,0.3674884085,0.4791072078,0.4529308252
5.0000000000,45.0000000000,0.2871447669,0.1728940749,0.5399611582,0.4210359073,0.2535118940,0.3254521987,0.3180040897
5.0000000000,46.0000000000,0.1711831089,0.1950568527,0.6337600384,0.2751856759,0.3135639503,0.4112503739,0.3779359759
5.0000000000,47.0000000000,0.2037506362,0.1596597244,0.6365896395,0.3946162733,0.3092227176,0.2961610090,0.4836740146
5.0000000000,48.0000000000,0.1042426003,0.1516179932,0.7441394064,0.2670164246,0.3883680407,0.3446155347,0.6096022913
5.0000000000,49.0000000000,0.0920399378,0.1443666888,0.7635933734,0.2608952852,0.4092200553,0.3298846595,0.6472150206
5.0000000000,50.0000000000,0.1004188431,0.1718842651,0.7276968918,0.2391504168,0.4093474131,0.3515021701,0.5801017433
5.0000000000,51.0000000000,0.1035454282,0.2057810151,0.6906735567,0.2037262234,0.4048753267,0.3913984499,0.4917422684
5.0000000000,52.0000000000,0.0958139467,0.2169317275,0.6872543258,0.1732504088,0.3922551128,0.4344944785,0.4469626516
5.0000000000,53.0000000000,0.0906513605,0.2225669107,0.6867817288,0.1532296100,0.3762088151,0.4705615748,0.4083952801
5.0000000000,54.0000000000,0.0753103446,0.2093088104,0.7153808450,0.1340359901,0.3725240374,0.4934399725,0.4381334105
5.0000000000,59.0000000000,0.1266625435,0.2248731281,0.6484643284,0.1466268025,0.2603171137,0.5930560838,0.1361569554
5.0000000000,60.0000000000,0.1461459774,0.2072871993,0.6465668233,0.1583501258,0.2245970411,0.6170528331,0.0770706582
5.0000000000,61.0000000000,0.1436175443,0.1882690426,0.6681134131,0.1506445055,0.1974807253,0.6518747692,0.0466459837
5.0000000000,62.0000000000,0.1537913507,0.1845094402,0.6616992091,0.1591938532,0.1909910316,0.6498151151,0.0339366274
5.0000000000,63.0000000000,0.1410060069,0.1780883113,0.6809056817,0.1454425344,0.1836915739,0.6708658917,0.0305036450
6.0000000000,45.0000000000,0.4001027670,0.1338309187,0.4660663144,0.5410937026,0.1809911685,0.2779151290,0.2605665801
6.0000000000,46.0000000000,0.3468384960,0.1589025802,0.4942589238,0.4709040757,0.2157426973,0.3133532271,0.2634625310
6.0000000000,47.0000000000,0.3188605336,0.1611274290,0.5200120373,0.4823922243,0.2437636857,0.2738440901,0.3390015063
6.0000000000,48.0000000000,0.2307471894,0.1540102132,0.6152425974,0.4457211318,0.2974927094,0.2567861588,0.4823059243
6.0000000000,49.0000000000,0.1330200933,0.1670143293,0.6999655774,0.3046045349,0.3824484020,0.3129470631,0.5633023214
6.0000000000,50.0000000000,0.1194667120,0.1844275249,0.6961057631,0.2606063679,0.4023127999,0.3370808322,0.5415817620
6.0000000000,51.0000000000,0.1086499456,0.2086476898,0.6827023647,0.2168653307,0.4164608642,0.3666738051,0.4989980867
6.0000000000,52.0000000000,0.0874867830,0.2035072266,0.7090059904,0.1828469492,0.4253291099,0.3918239409,0.5215299826
6.0000000000,53.0000000000,0.0864563006,0.2229116883,0.6906320111,0.1571710503,0.4052366794,0.4375922702,0.4499222317
6.0000000000,54.0000000000,0.0809833710,0.2140340414,0.7049825876,0.1507405889,0.3983980546,0.4508613565,0.4627633370
6.0000000000,59.0000000000,0.1974053329,0.2170905033,0.5855041638,0.2125445316,0.2337393761,0.5537160923,0.0712283614
6.0000000000,60.0000000000,0.1847062825,0.1948073825,0.6204863350,0.1913117036,0.2017740368,0.6069142596,0.0345270102
6.0000000000,61.0000000000,0.1843961030,0.1787317094,0.6368721876,0.1885561394,0.1827639552,0.6286799054,0.0220625878
6.0000000000,62.0000000000,0.1620324362,0.1810073500,0.6569602138,0.1652449193,0.1845960330,0.6501590477,0.0194407375
6.0000000000,63.0000000000,0.1619146304,0.1873923179,0.6506930516,0.1654613218,0.1914970904,0.6430415879,0.0214351686
7.0000000000,45.0000000000,0.2481380155,0.1511118854,0.6007500991,0.3870803670,0.2357254448,0.3771941882,0.3589496223
7.0000000000,46.0000000000,0.3702036766,0.1286131131,0.5011832103,0.5401464722,0.1876532399,0.2722002879,0.3146235408
7.0000000000,47.0000000000,0.3455277400,0.1592537493,0.4952185106,0.4861809370,0.2240808134,0.2897382496,0.2893021635
7.0000000000,48.0000000000,0.2744848146,0.1667650117,0.5587501737,0.4586645394,0.2786645862,0.2626708744,0.4015564950
7.0000000000,49.0000000000,0.1792053742,0.1907714975,0.6300231283,0.3330928780,0.3545910798,0.3123160421,0.4619957794
7.0000000000,50.0000000000,0.1504090438,0.2039168210,0.6456741352,0.2859230763,0.3876397541,0.3264371696,0.4739527646
7.0000000000,51.0000000000,0.1255580576,0.2183882652,0.6560536772,0.2376754718,0.4133986697,0.3489258586,0.4717247993
7.0000000000,52.0000000000,0.0974698854,0.2158780800,0.6866520346,0.1956325626,0.4332905677,0.3710768697,0.5017706452
7.0000000000,53.0000000000,0.0826313212,0.2184270919,0.6989415869,0.1644117767,0.4346050111,0.4009832123,0.4974123944
7.0000000000,54.0000000000,0.0642691833,0.1965296104,0.7392012063,0.1447055502,0.4424970715,0.4127973783,0.5558623479
7.0000000000,59.0000000000,0.2290947111,0.2310057427,0.5398995461,0.2438639246,0.2458981560,0.5102379194,0.0605633387
7.0000000000,60.0000000000,0.2092173868,0.1990474234,0.5917351898,0.2144304471,0.2040070791,0.5815624738,0.0243111943
7.0000000000,61.0000000000,0.2312497405,0.1842285215,0.5845217379,0.2347776051,0.1870390469,0.5781833480,0.0150264100
7.0000000000,62.0000000000,0.1987580905,0.1881098573,0.6131320522,0.2015567026,0.1907585370,0.6076847604,0.0138849865
7.0000000000,63.0000000000,0.1717300113,0.2016647002,0.6266052885,0.1746781299,0.2051267128,0.6201951574,0.0168774340
8.0000000000,45.0000000000,0.1778205765,0.1596009585,0.6625784650,0.3181891910,0.2855873085,0.3962235005,0.4411482804
8.0000000000,46.0000000000,0.2481882053,0.1383993051,0.6134124896,0.4281314221,0.2387425754,0.3331260025,0.4202990192
8.0000000000,47.0000000000,0.3714615893,0.1466619479,0.4818764628,0.5229117063,0.2064580878,0.2706302059,0.2896284691
8.0000000000,48.0000000000,0.3355601138,0.1535939149,0.5108459713,0.5303952940,0.2427746513,0.2268300547,0.3673395718
8.0000000000,49.0000000000,0.2987098855,0.1659871659,0.5353029486,0.5057962432,0.2810609525,0.2131428043,0.4094264449
8.0000000000,50.0000000000,0.1607464780,0.2001560473,0.6390974747,0.3117928567,0.3882338611,0.2999732822,0.4844446417
8.0000000000,51.0000000000,0.1763085437,0.2085727424,0.6151187139,0.3291015519,0.3893266416,0.2815718065,0.4642731319
8.0000000000,52.0000000000,0.1716166229,0.2150475323,0.6133358448,0.3209366676,0.4021559056,0.2769074268,0.4652632740
8.0000000000,53.0000000000,0.0832480905,0.2190933448,0.6976585646,0.1758983982,0.4629315599,0.3611700419,0.5267262727
8.0000000000,54.0000000000,0.0621989936,0.1927536349,0.7450473715,0.1541352572,0.4776625697,0.3682021731,0.5964648537
8.0000000000,55.0000000000,0.0639399500,0.2236353236,0.7124247264,0.1305141195,0.4564840507,0.4130018298,0.5100917035
8.0000000000,56.0000000000,0.0721387826,0.2600255503,0.6678356670,0.1157726354,0.4173045639,0.4669228007,0.3768926275
8.0000000000,57.0000000000,0.0798049725,0.2703045521,0.6498904754,0.1164475231,0.3944152171,0.4891372598,0.3146700726
8.0000000000,59.0000000000,0.2423340561,0.2673445297,0.4903214142,0.2656240873,0.2930382459,0.4413376669,0.0876804188
8.0000000000,60.0000000000,0.2486548261,0.2335116235,0.5178335504,0.2573558680,0.2416827676,0.5009613644,0.0338093782
8.0000000000,61.0000000000,0.2992284357,0.2041758367,0.4965957276,0.3043874176,0.2076960217,0.4879165607,0.0169487357
8.0000000000,62.0000000000,0.2021640387,0.1964174361,0.6014185252,0.2048510380,0.1990280563,0.5961209058,0.0131168450
8.0000000000,63.0000000000,0.1726424107,0.2198810373,0.6074765520,0.1753286067,0.2233022336,0.6013691597,0.0153209227
8.0000000000,64.0000000000,0.2389190066,0.2282394602,0.5328415331,0.2439215938,0.2330184346,0.5230599716,0.0205089969
9.0000000000,45.0000000000,0.2226700540,0.1527324522,0.6245974939,0.3896522788,0.2672678565,0.3430798647,0.4285416355
9.0000000000,46.0000000000,0.2892813342,0.1158887918,0.5948298740,0.5258546209,0.2106622499,0.2634831292,0.4498834418
9.0000000000,47.0000000000,0.3740303147,0.1395521334,0.4864175519,0.5341645128,0.1992988120,0.2665366752,0.2997844190
9.0000000000,48.0000000000,0.3515481475,0.1399376834,0.5085141691,0.5724118993,0.2278549773,0.1997331234,0.3858475900
9.0000000000,49.0000000000,0.2840014246,0.1487710210,0.5672275545,0.5308678254,0.2780892684,0.1910429062,0.4650242283
9.0000000000,50.0000000000,0.2429692002,0.1754581147,0.5815726852,0.4563082533,0.3295190739,0.2141726728,0.4675327513
9.0000000000,51.0000000000,0.2424640470,0.2000585030,0.5574774500,0.4268528000,0.3521987412,0.2209484588,0.4319726917
9.0000000000,52.0000000000,0.1947795358,0.2247311113,0.5804893529,0.3493128392,0.4030272596,0.2476599012,0.4423922800
9.0000000000,53.0000000000,0.0885455953,0.2319316393,0.6795227655,0.1860528535,0.4873369835,0.3266101630,0.5240836483
9.0000000000,54.0000000000,0.0641222692,0.2083230023,0.7275547285,0.1576220103,0.5120887146,0.3302892751,0.5931896245
9.0000000000,55.0000000000,0.0616310880,0.2244167338,0.7139521782,0.1396209475,0.5084005170,0.3519785355,0.5585827979
9.0000000000,56.0000000000,0.0908417156,0.2655398080,0.6436184763,0.1620587413,0.4737146007,0.3642266580,0.4394519240
9.0000000000,57.0000000000,0.1231076571,0.2816455395,0.5952468035,0.1948941745,0.4458786418,0.3592271837,0.3683358809
9.0000000000,58.0000000000,0.1556873723,0.2947069020,0.5496057257,0.2235953712,0.4232526900,0.3531519388,0.3037093232
9.0000000000,59.0000000000,0.2460763820,0.3014697506,0.4524538674,0.2906399386,0.3560648490,0.3532952124,0.1533290876
9.0000000000,60.0000000000,0.3054632462,0.2790268225,0.4155099313,0.3286474194,0.3002045133,0.3711480673,0.0705442119
9.0000000000,61.0000000000,0.3431536844,0.2440437462,0.4128025694,0.3535661677,0.2514488872,0.3949849451,0.0294498858
9.0000000000,62.0000000000,0.2921873122,0.2318906725,0.4759220153,0.2972302855,0.2358929629,0.4668767516,0.0169665527
9.0000000000,63.0000000000,0.2125294044,0.2367293351,0.5507412605,0.2159805782,0.2405734813,0.5434459405,0.0159790934
9.0000000000,64.0000000000,0.2776883026,0.2422976531,0.4800140444,0.2833966183,0.2472784589,0.4693249228,0.0201424978
10.0000000000,45.0000000000,0.2173393621,0.1314429686,0.6512176693,0.4422250489,0.2674498196,0.2903251315,0.5085322220
10.0000000000,46.0000000000,0.3686106706,0.0812040147,0.5501853147,0.6882976963,0.1516302720,0.1600720318,0.4644604034
10.0000000000,47.0000000000,0.3675112525,0.1261838371,0.5063049103,0.5218727817,0.1791833846,0.2989438337,0.2957838282
10.0000000000,48.0000000000,0.3578316677,0.1438843765,0.4982839558,0.5655492210,0.2274077573,0.2070430217,0.3672846598
10.0000000000,49.0000000000,0.2789927855,0.1351681806,0.5858390339,0.5583846354,0.2705297024,0.1710856622,0.5003573382
10.0000000000,50.0000000000,0.2730201135,0.1588939835,0.5680859030,0.5206980407,0.3030391602,0.1762627992,0.4756651799
10.0000000000,51.0000000000,0.2686392200,0.1967163065,0.5346444735,0.4649799890,0.3404906626,0.1945293484,0.4222563844
10.0000000000,52.0000000000,0.2045001184,0.2238544914,0.5716453901,0.3731258336,0.4084393415,0.2184348249,0.4519272052
10.0000000000,53.0000000000,0.0986758073,0.2466754350,0.6546487577,0.2028831940,0.5071790294,0.2899377766,0.5136324241
10.0000000000,54.0000000000,0.0781395664,0.2503814542,0.6714789794,0.1670404284,0.5352451681,0.2977144035,0.5322116497
10.0000000000,55.0000000000,0.0696625710,0.2636401171,0.6666973120,0.1446079835,0.5472733085,0.3081187080,0.5182660785
10.0000000000,56.0000000000,0.0714292460,0.2895362179,0.6390345361,0.1334774112,0.5410465179,0.3254760708,0.4648589201
10.0000000000,57.0000000000,0.1010191106,0.3067642333,0.5922166562,0.1690156243,0.5132489100,0.3177354657,0.4023090410
10.0000000000,58.0000000000,0.1525241568,0.3045421464,0.5429336968,0.2362179424,0.4716519710,0.2921300865,0.3543074871
10.0000000000,60.0000000000,0.2986830425,0.3085658796,0.3927510780,0.3471888816,0.3586766820,0.2941344364,0.1397102319
10.0000000000,61.0000000000,0.3731862810,0.2739800607,0.3528336583,0.3959697267,0.2907068541,0.3133234192,0.0575383524
10.0000000000,62.0000000000,0.3548519597,0.2537836589,0.3913643814,0.3640925108,0.2603923328,0.3755151564,0.0253796792
10.0000000000,63.0000000000,0.2810127890,0.2565944146,0.4623927964,0.2862625199,0.2613879745,0.4523495056,0.0183388693
10.0000000000,64.0000000000,0.3078904092,0.2526016433,0.4395079475,0.3144675464,0.2579977050,0.4275347486,0.0209151541
10.0000000000,65.0000000000,0.2853927618,0.2501597334,0.4644475048,0.2923700266,0.2562756233,0.4513543502,0.0238645010
11.0000000000,45.0000000000,0.1713904512,0.1107497880,0.7178597609,0.4550781692,0.2940642866,0.2508575442,0.6233823928
11.0000000000,46.0000000000,0.3211121783,0.0806861393,0.5982016825,0.6812364403,0.1711748791,0.1475886806,0.5286332920
11.0000000000,47.0000000000,0.4556838046,0.1205492490,0.4237669464,0.6403482137,0.1694014478,0.1902503385,0.2883812356
11.0000000000,48.0000000000,0.4254746214,0.1393131787,0.4352121999,0.6253397533,0.2047550299,0.1699052168,0.3196104692
11.0000000000,49.0000000000,0.3203068648,0.1366076613,0.5430854739,0.5915226355,0.2522784640,0.1561989006,0.4585044670
11.0000000000,50.0000000000,0.3253885245,0.1639260385,0.5106854369,0.5577926189,0.2810078643,0.1611995167,0.4166496409
11.0000000000,51.0000000000,0.2997626774,0.1962713491,0.5039659736,0.5002473140,0.3275398260,0.1722128601,0.4007710407
11.0000000000,52.0000000000,0.1654298859,0.2086279081,0.6259422060,0.3521185454,0.4440658055,0.2038156491,0.5301869553
11.0000000000,53.0000000000,0.1064924664,0.2379722332,0.6555353004,0.2337870254,0.5224296363,0.2437833383,0.5444894075
11.0000000000,54.0000000000,0.0957070496,0.2657483158,0.6385446347,0.1979645836,0.5496852625,0.2523501539,0.5165445867
11.0000000000,55.0000000000,0.0851772889,0.2895540636,0.6252686475,0.1684574748,0.5726590625,0.2588834627,0.4943691935
11.0000000000,56.0000000000,0.0872411562,0.3077847579,0.6049740859,0.1637810830,0.5778158291,0.2584030879,0.4673306919
11.0000000000,58.0000000000,0.2005320837,0.3250470110,0.4744209053,0.2924857337,0.4740967718,0.2334174945,0.3143867869
11.0000000000,59.0000000000,0.2658613132,0.3303272275,0.4038114593,0.3339355423,0.4149080604,0.2511563973,0.2038543982
11.0000000000,60.0000000000,0.3209619823,0.3142027987,0.3648352190,0.3751917166,0.3672905014,0.2575177819,0.1445387302
11.0000000000,61.0000000000,0.3870998344,0.2826002163,0.3302999493,0.4169908955,0.3044220296,0.2785870749,0.0716827667
11.0000000000,62.0000000000,0.3984512649,0.2509170389,0.3506316963,0.4106948784,0.2586272196,0.3306779021,0.0298119459
11.0000000000,63.0000000000,0.3168936443,0.2525200322,0.4305863235,0.3230324498,0.2574118038,0.4195557464,0.0190036805
11.0000000000,64.0000000000,0.3327664837,0.2510947540,0.4161387623,0.3397077974,0.2563324434,0.4039597592,0.0204331893
11.0000000000,65.0000000000,0.3082478927,0.2554841160,0.4362679913,0.3155596460,0.2615442931,0.4228960609,0.0231707488
12.0000000000,45.0000000000,0.1387842406,0.1249614091,0.7362543503,0.3843037869,0.3460273481,0.2696688651,0.6388684021
12.0000000000,46.0000000000,0.2346453435,0.1162211233,0.6491335332,0.5200620662,0.2575895887,0.2223483451,0.5488128077
12.0000000000,47.0000000000,0.4659900582,0.1154136454,0.4185962964,0.6779774516,0.1679174219,0.1541051265,0.3126761707
12.0000000000,48.0000000000,0.4389993658,0.1442333398,0.4167672944,0.6295641487,0.2068434418,0.1635924095,0.3026931938
12.0000000000,49.0000000000,0.3483210818,0.1379414074,0.5137375108,0.6137955574,0.2430740700,0.1431303726,0.4325128658
12.0000000000,50.0000000000,0.3798993633,0.1635147232,0.4565859135,0.5976240352,0.2572268820,0.1451490828,0.3643171276
12.0000000000,51.0000000000,0.3126719508,0.1928040687,0.4945239805,0.5219823735,0.3218719336,0.1561456928,0.4009913616
12.0000000000,52.0000000000,0.1739888730,0.1992368098,0.6267743172,0.3826262583,0.4381500597,0.1792236820,0.5452772277
12.0000000000,53.0000000000,0.1377286270,0.2490000950,0.6132712780,0.2797540403,0.5057683657,0.2144775940,0.5076795786
12.0000000000,54.0000000000,0.1428357367,0.2808878434,0.5762764200,0.2669334314,0.5249271480,0.2081394207,0.4649012830
12.0000000000,55.0000000000,0.1022947649,0.3096941186,0.5880111165,0.1906808089,0.5772800307,0.2320391604,0.4635287865
12.0000000000,56.0000000000,0.1133255886,0.3120613201,0.5746130913,0.2093055085,0.5763583854,0.2143361061,0.4585637548
12.0000000000,57.0000000000,0.1843498222,0.3349320930,0.4807180847,0.2848076569,0.5174467948,0.1977455483,0.3527216780
12.0000000000,58.0000000000,0.2417285663,0.3585657128,0.3997057209,0.3130358605,0.4643386926,0.2226254470,0.2277927328
12.0000000000,59.0000000000,0.2947157945,0.3389472218,0.3663369837,0.3568040558,0.4103537907,0.2328421534,0.1740122074
12.0000000000,60.0000000000,0.3542549197,0.3112531893,0.3344918910,0.4004603243,0.3518498861,0.2476897895,0.1153807303
12.0000000000,61.0000000000,0.4190248485,0.2711258477,0.3098493037,0.4462160722,0.2887196577,0.2650642700,0.0609373472
12.0000000000,62.0000000000,0.4142655209,0.2448268692,0.3409076099,0.4267914267,0.2522295569,0.3209790164,0.0293490098
12.0000000000,63.0000000000,0.3301982758,0.2449117809,0.4248899433,0.3366105756,0.2496678559,0.4137215685,0.0190496089
12.0000000000,64.0000000000,0.3015525753,0.2496105083,0.4488369163,0.3072985239,0.2543667242,0.4383347519,0.0186982627
12.0000000000,65.0000000000,0.2934003833,0.2561327591,0.4504668576,0.2993818357,0.2613544493,0.4392637150,0.0199793431
12.0000000000,66.0000000000,0.2610302184,0.2646981137,0.4742716679,0.2664816785,0.2702261756,0.4632921459,0.0204571667
13.0000000000,46.0000000000,0.2993134302,0.1582246794,0.5424618904,0.5015015848,0.2651064720,0.2333919433,0.4031655347
13.0000000000,47.0000000000,0.5187252870,0.1151882900,0.3660864230,0.7134299390,0.1584244623,0.1281455987,0.2729134864
13.0000000000,48.0000000000,0.4935795495,0.1401581479,0.3662623026,0.6707866326,0.1904783375,0.1387350299,0.2641780179
13.0000000000,49.0000000000,0.4169466808,0.1433318157,0.4397215035,0.6480089857,0.2227630266,0.1292279878,0.3565726865
13.0000000000,50.0000000000,0.4225551436,0.1660317351,0.4114131213,0.6201187580,0.2436590701,0.1362221719,0.3185899666
13.0000000000,51.0000000000,0.3303293413,0.1883366133,0.4813340453,0.5443237502,0.3103450976,0.1453311522,0.3931381072
13.0000000000,52.0000000000,0.1827260718,0.2074030252,0.6098709030,0.3846224241,0.4365652559,0.1788123200,0.5249209085
13.0000000000,53.0000000000,0.1697927318,0.2450971584,0.5851101098,0.3315595653,0.4786088688,0.1898315659,0.4878967475
13.0000000000,54.0000000000,0.1633572850,0.2662246977,0.5704180174,0.3089491992,0.5034970260,0.1875537749,0.4712487186
13.0000000000,55.0000000000,0.1146943576,0.3012648655,0.5840407769,0.2145569169,0.5635714088,0.2218716744,0.4654362149
13.0000000000,56.0000000000,0.1701123231,0.2931361143,0.5367515627,0.3008465623,0.5184162481,0.1807371896,0.4345545392
13.0000000000,57.0000000000,0.2355015322,0.3517046555,0.4127938123,0.3202619167,0.4782882134,0.2014498699,0.2646595804
13.0000000000,58.0000000000,0.2930141165,0.3586297544,0.3483561291,0.3493593485,0.4275925639,0.2230480876,0.1612815921
13.0000000000,59.0000000000,0.3280142651,0.3286049191,0.3433808158,0.3889678181,0.3896682309,0.2213639510,0.1567059024
13.0000000000,60.0000000000,0.3856677173,0.2978364687,0.3164958140,0.4333489227,0.3346588451,0.2319922321,0.1100295927
13.0000000000,61.0000000000,0.4378437276,0.2640618361,0.2980944362,0.4653163293,0.2806304545,0.2540532162,0.0590406997
13.0000000000,62.0000000000,0.4548796297,0.2367862053,0.3083341649,0.4702584973,0.2447916280,0.2849498748,0.0327030083
13.0000000000,63.0000000000,0.3532999103,0.2485034617,0.3981966280,0.3613481539,0.2541644210,0.3844874251,0.0222728235
13.0000000000,64.0000000000,0.3655663290,0.2420970544,0.3923366166,0.3730230284,0.2470352689,0.3799417027,0.0199899171
13.0000000000,65.0000000000,0.3205303298,0.2493891222,0.4300805479,0.3265410908,0.2540658042,0.4193931050,0.0184073648
13.0000000000,66.0000000000,0.2604355193,0.2612621116,0.4783023691,0.2650309622,0.2658721399,0.4690968978,0.0173392681
13.0000000000,67.0000000000,0.2395058235,0.2756891600,0.4848050165,0.2437512288,0.2805759398,0.4756728314,0.0174169598
14.0000000000,46.0000000000,0.4958750377,0.1321074160,0.3720175463,0.6838999633,0.1821996473,0.1339003894,0.2749304514
14.0000000000,47.0000000000,0.5308481928,0.1284170503,0.3407347569,0.7051754154,0.1705884055,0.1242361791,0.2472111460
14.0000000000,48.0000000000,0.5149541563,0.1416065128,0.3434393309,0.6857562399,0.1885751355,0.1256686246,0.2490711330
14.0000000000,49.0000000000,0.4091968697,0.1491299478,0.4416731825,0.6418500083,0.2339193316,0.1242306601,0.3624727516
14.0000000000,50.0000000000,0.3912367359,0.1724493015,0.4363139626,0.6023761740,0.2655153285,0.1321084975,0.3505109386
14.0000000000,51.0000000000,0.3145276294,0.1886548937,0.4968174769,0.5365338676,0.3218150977,0.1416510348,0.4137786105
14.0000000000,52.0000000000,0.2146670823,0.1965282044,0.5888047133,0.4397910370,0.4026296992,0.1575792638,0.5118884555
14.0000000000,53.0000000000,0.1782582816,0.2132366708,0.6085050476,0.3782192854,0.4524346386,0.1693460760,0.5286906603
14.0000000000,54.0000000000,0.1566352573,0.2270576004,0.6163071423,0.3355952454,0.4864770066,0.1779277480,0.5332613931
14.0000000000,56.0000000000,0.2047540401,0.2811445566,0.5141014033,0.3455852276,0.4745176483,0.1798971241,0.4075150680
14.0000000000,57.0000000000,0.2784540734,0.3298150215,0.3917309051,0.3645662316,0.4318105964,0.2036231719,0.2362044280
14.0000000000,58.0000000000,0.3325040433,0.3313287985,0.3361671582,0.3907673738,0.3893861956,0.2198464306,0.1490997826
14.0000000000,59.0000000000,0.3712873214,0.3026413442,0.3260713343,0.4335497843,0.3533923243,0.2130578913,0.1436108727
14.0000000000,60.0000000000,0.4146135953,0.2801535406,0.3052328641,0.4678011753,0.3160922772,0.2161065475,0.1136969780
14.0000000000,61.0000000000,0.4624617326,0.2559102883,0.2816279791,0.4957432851,0.2743271455,0.2299295694,0.0671346512
14.0000000000,62.0000000000,0.4723202954,0.2411727120,0.2865069926,0.4919230390,0.2511821207,0.2568948403,0.0398492083
14.0000000000,63.0000000000,0.4470852706,0.2420869018,0.3108278276,0.4598229116,0.2489840559,0.2911930325,0.0277011881
14.0000000000,64.0000000000,0.4373609171,0.2379655739,0.3246735090,0.4474691084,0.2434653830,0.3090655086,0.0225896964
14.0000000000,65.0000000000,0.3387236344,0.2508170247,0.4104593409,0.3447701470,0.2552943276,0.3999355254,0.0175378080
14.0000000000,66.0000000000,0.2678364819,0.2575223807,0.4746411374,0.2718163343,0.2613489732,0.4668346925,0.0146416970
14.0000000000,67.0000000000,0.2007958808,0.2825769263,0.5166271929,0.2037784628,0.2867742676,0.5094472695,0.0146363946
14.0000000000,68.0000000000,0.2179484512,0.3023464014,0.4797051474,0.2213616128,0.3070812693,0.4715571179,0.0154189408
14.0000000000,69.0000000000,0.1647116194,0.3139691791,0.5213192015,0.1673791829,0.3190540221,0.5135667950,0.0159372477
15.0000000000,45.0000000000,0.4482441478,0.1499205665,0.4018352857,0.6476906132,0.2166278000,0.1356815868,0.3079347782
15.0000000000,46.0000000000,0.4457890055,0.1554503022,0.3987606923,0.6380721603,0.2225010238,0.1394268159,0.3013501712
15.0000000000,47.0000000000,0.4597719102,0.1415288736,0.3986992162,0.6697037800,0.2061509621,0.1241452580,0.3134697399
15.0000000000,48.0000000000,0.4585652765,0.1389190886,0.4025156349,0.6817911071,0.2065437662,0.1116651267,0.3274108863
15.0000000000,49.0000000000,0.3598597973,0.1443601564,0.4957800463,0.6304696304,0.2529170948,0.1166132748,0.4292194581
15.0000000000,50.0000000000,0.4079647349,0.1702983920,0.4217368732,0.6197953105,0.2587236977,0.1214809918,0.3417750539
15.0000000000,51.0000000000,0.3487691337,0.1875823483,0.4636485180,0.5649452095,0.3038507105,0.1312040800,0.3826496308
15.0000000000,52.0000000000,0.2137756914,0.2015033874,0.5847209212,0.4305484009,0.4058317418,0.1636198573,0.5034804659
15.0000000000,53.0000000000,0.2016788003,0.2101197012,0.5882014985,0.4076440794,0.4247052839,0.1676506367,0.5052576243
15.0000000000,54.0000000000,0.2106231733,0.2204896454,0.5688871812,0.4071022720,0.4261726485,0.1667250794,0.4826283522
15.0000000000,55.0000000000,0.1794435438,0.2374699259,0.5830865302,0.3506035994,0.4639777447,0.1854186559,0.4881868180
15.0000000000,57.0000000000,0.3098070870,0.2888860081,0.4013069049,0.4134059515,0.3854889061,0.2011051425,0.2505983867
15.0000000000,58.0000000000,0.3610026673,0.2971698697,0.3418274630,0.4334134071,0.3567768811,0.2098097119,0.1670708348
15.0000000000,59.0000000000,0.3841580533,0.2795583581,0.3362835886,0.4635576207,0.3373387756,0.1991036037,0.1712830593
15.0000000000,60.0000000000,0.4236727723,0.2614354856,0.3148917421,0.4985902291,0.3076647526,0.1937450184,0.1502585739
15.0000000000,61.0000000000,0.4706241842,0.2514448536,0.2779309622,0.5186994909,0.2771305044,0.2041700047,0.0926843144
15.0000000000,62.0000000000,0.4872256983,0.2425677182,0.2702065835,0.5131201502,0.2554593989,0.2314204509,0.0504646950
15.0000000000,63.0000000000,0.4749918844,0.2414272455,0.2835808701,0.4903337954,0.2492251794,0.2604410252,0.0312887081
15.0000000000,64.0000000000,0.4436894408,0.2466783952,0.3096321640,0.4542317421,0.2525396074,0.2932286505,0.0232090811
15.0000000000,65.0000000000,0.3879025576,0.2525712408,0.3595262016,0.3943369724,0.2567608191,0.3489022084,0.0163170468
15.0000000000,66.0000000000,0.2801171987,0.2671277817,0.4527550196,0.2837835050,0.2706240763,0.4455924187,0.0129193775
15.0000000000,67.0000000000,0.2157987531,0.2868213748,0.4973798722,0.2186167971,0.2905668796,0.4908163233,0.0128903364
15.0000000000,68.0000000000,0.2072206310,0.3249284490,0.4678509201,0.2101064875,0.3294535626,0.4604399499,0.0137352092
15.0000000000,69.0000000000,0.1813535402,0.3461133537,0.4725331061,0.1839665009,0.3511001910,0.4649333081,0.0142034594
16.0000000000,45.0000000000,0.4603112555,0.1610684005,0.3786203440,0.6462699932,0.2261375816,0.1275924252,0.2877415626
16.0000000000,46.0000000000,0.3331149375,0.2027140860,0.4641709764,0.5086959446,0.3095623218,0.1817417336,0.3451590463
16.0000000000,47.0000000000,0.3361407610,0.1680742079,0.4957850311,0.5699277743,0.2849703765,0.1451018491,0.4102046327
16.0000000000,48.0000000000,0.3094921122,0.1338101742,0.5566977136,0.6203752641,0.2682217701,0.1114029659,0.5011211276
16.0000000000,49.0000000000,0.2572761629,0.1282384454,0.6144853916,0.5913457654,0.2947543247,0.1138999100,0.5649310809
16.0000000000,50.0000000000,0.3631997955,0.1552432949,0.4815569096,0.6231534930,0.2663558810,0.1104906260,0.4171583733
16.0000000000,51.0000000000,0.3319280799,0.1732914877,0.4947804323,0.5782650703,0.3018979724,0.1198369573,0.4259932045
16.0000000000,52.0000000000,0.1859868561,0.1671589388,0.6468542051,0.4489609668,0.4035115186,0.1475275146,0.5857393629
16.0000000000,53.0000000000,0.1961503045,0.1697802209,0.6340694746,0.4581343708,0.3965436347,0.1453219945,0.5718498392
16.0000000000,54.0000000000,0.2415379672,0.2099525211,0.5485095117,0.4488654218,0.3901681711,0.1609664071,0.4618922388
16.0000000000,55.0000000000,0.2332801892,0.2234274012,0.5432924096,0.4221889137,0.4043574046,0.1734536817,0.4474506990
16.0000000000,57.0000000000,0.2965832777,0.2482963930,0.4551203293,0.4432003780,0.3710426836,0.1857569384,0.3308144749
16.0000000000,58.0000000000,0.3552760937,0.2667560047,0.3779679017,0.4604052969,0.3456913643,0.1939033388,0.2283405598
16.0000000000,59.0000000000,0.3791760805,0.2591871056,0.3616368140,0.4835321155,0.3305200299,0.1859478546,0.2158202768
16.0000000000,60.0000000000,0.4172428979,0.2442636126,0.3384934895,0.5204912296,0.3047075666,0.1748012038,0.1983670922
16.0000000000,61.0000000000,0.4610486153,0.2469638979,0.2919874868,0.5284310751,0.2830577811,0.1885111438,0.1275141885
16.0000000000,62.0000000000,0.4923245405,0.2430325204,0.2646429392,0.5297703153,0.2615173618,0.2087123229,0.0706830371
16.0000000000,63.0000000000,0.4828772471,0.2465364026,0.2705863503,0.5025412946,0.2565760215,0.2408826839,0.0391292173
16.0000000000,64.0000000000,0.4506562546,0.2549459067,0.2943978387,0.4622145598,0.2614846878,0.2763007524,0.0250063633
16.0000000000,65.0000000000,0.3955929734,0.2657731296,0.3386338971,0.4020671335,0.2701226957,0.3278101707,0.0161021870
16.0000000000,66.0000000000,0.3173406835,0.2815463026,0.4011130139,0.3212737521,0.2850357414,0.3936905064,0.0122421099
16.0000000000,67.0000000000,0.2394803403,0.3038087099,0.4567109498,0.2422496235,0.3073218682,0.4504285083,0.0114315271
16.0000000000,68.0000000000,0.1789995692,0.3374374316,0.4835629991,0.1812302174,0.3416424931,0.4771272896,0.0123083677
16.0000000000,69.0000000000,0.1866838493,0.3755700761,0.4377460747,0.1891335333,0.3804983440,0.4303681227,0.0129521402
17.0000000000,45.0000000000,0.4498050257,0.1732891474,0.3769058270,0.6305777196,0.2429325355,0.1264897449,0.2866778960
17.0000000000,46.0000000000,0.3315962090,0.1835910982,0.4848126928,0.5485941602,0.3037338836,0.1476719561,0.3955527910
17.0000000000,47.0000000000,0.2940857945,0.1696143818,0.5362998237,0.5462047974,0.3150243595,0.1387708431,0.4615832817
17.0000000000,48.0000000000,0.2508249005,0.1340020783,0.6151730211,0.5768878204,0.3081997311,0.1149124485,0.5652102685
17.0000000000,49.0000000000,0.2593751145,0.1227460379,0.6178788476,0.6098346358,0.2885966354,0.1015687288,0.5746795947
17.0000000000,50.0000000000,0.3138465468,0.1497315273,0.5364219259,0.6036214425,0.2879788273,0.1083997301,0.4800606395
17.0000000000,51.0000000000,0.2721534378,0.1518815893,0.5759649729,0.5695542873,0.3178530869,0.1125926257,0.5221641837
17.0000000000,52.0000000000,0.1959840491,0.1424749079,0.6615410431,0.5074474349,0.3689000553,0.1236525098,0.6137845310
17.0000000000,53.0000000000,0.1846256934,0.1497653699,0.6656089367,0.4779993779,0.3877453476,0.1342552745,0.6137532769
17.0000000000,54.0000000000,0.2348090331,0.1923604602,0.5728305067,0.4650496940,0.3809784144,0.1539718916,0.4950882967
17.0000000000,55.0000000000,0.2503975315,0.2048007053,0.5448017631,0.4608041652,0.3768927652,0.1623030695,0.4566074910
17.0000000000,59.0000000000,0.3737696502,0.2364748851,0.3897554646,0.5082712222,0.3215707290,0.1701580487,0.2646255899
17.0000000000,60.0000000000,0.3940306777,0.2362506201,0.3697187022,0.5203467419,0.3119864707,0.1676667875,0.2427536372
17.0000000000,61.0000000000,0.4445262042,0.2415251666,0.3139486291,0.5360296343,0.2912418785,0.1727284872,0.1707059167
17.0000000000,62.0000000000,0.4730649920,0.2493037663,0.2776312417,0.5293228190,0.2789514646,0.1917257164,0.1062826408
17.0000000000,63.0000000000,0.4810480471,0.2538626668,0.2650892861,0.5089643359,0.2685948824,0.2224407817,0.0548492043
17.0000000000,64.0000000000,0.4622225679,0.2610060637,0.2767713684,0.4764665451,0.2690492980,0.2544841569,0.0298950206
17.0000000000,65.0000000000,0.3969839691,0.2802859430,0.3227300878,0.4039775241,0.2852236617,0.3107988141,0.0173117428
17.0000000000,66.0000000000,0.3376029457,0.2987747572,0.3636222971,0.3419636470,0.3026339280,0.3554024250,0.0127519439
17.0000000000,67.0000000000,0.2741325199,0.3202028983,0.4056645819,0.2772027993,0.3237891651,0.3990080356,0.0110759323
17.0000000000,68.0000000000,0.1893514748,0.3456430402,0.4650054850,0.1915366376,0.3496318462,0.4588315163,0.0114085888
17.0000000000,69.0000000000,0.1782015126,0.4005516558,0.4212468316,0.1804016169,0.4054969304,0.4141014526,0.0121955909
17.0000000000,70.0000000000,0.1730795051,0.4170325880,0.4098879068,0.1752599009,0.4222862204,0.4024538787,0.0124409278
18.0000000000,45.0000000000,0.3626786209,0.1750398372,0.4622815419,0.5914044873,0.2854299624,0.1231655503,0.3867503059
18.0000000000,46.0000000000,0.2370512808,0.1554322431,0.6075164761,0.5247804548,0.3440934929,0.1311260523,0.5482848520
18.0000000000,47.0000000000,0.2289116522,0.1369761306,0.6341122172,0.5533340493,0.3311039709,0.1155619799,0.5863047783
18.0000000000,48.0000000000,0.2420216686,0.1280743642,0.6299039672,0.5853828472,0.3097761305,0.1048410223,0.5865583187
18.0000000000,49.0000000000,0.3224550922,0.1417447980,0.5358001098,0.6252143221,0.2748316896,0.0999539883,0.4842487115
18.0000000000,50.0000000000,0.3449524592,0.1576750501,0.4973724907,0.6147970593,0.2810188899,0.1041840508,0.4389165433
18.0000000000,51.0000000000,0.2392406150,0.1446525743,0.6161068107,0.5532386976,0.3345059190,0.1122553834,0.5675634838
18.0000000000,52.0000000000,0.1826812127,0.1287115223,0.6886072650,0.5189080648,0.3656065446,0.1154853906,0.6479507159
18.0000000000,53.0000000000,0.1641977055,0.1312305348,0.7045717597,0.4862936671,0.3886569415,0.1250493914,0.6623486659
18.0000000000,54.0000000000,0.2021501830,0.1665701724,0.6312796445,0.4697290360,0.3870530580,0.1432179059,0.5696451198
18.0000000000,55.0000000000,0.2183492114,0.1783924597,0.6032583288,0.4668484222,0.3814176283,0.1517339495,0.5322909942
18.0000000000,58.0000000000,0.3550542234,0.2266936491,0.4182521275,0.5102338206,0.3257721189,0.1639940605,0.3041342830
18.0000000000,60.0000000000,0.4095658622,0.2298175400,0.3606165978,0.5369245180,0.3012816332,0.1617938487,0.2372002983
18.0000000000,61.0000000000,0.4494619320,0.2377664686,0.3127715994,0.5434232191,0.2874722208,0.1691045601,0.1729062797
18.0000000000,63.0000000000,0.4853127945,0.2556992671,0.2589879384,0.5173332480,0.2725700493,0.2100967027,0.0618952167
18.0000000000,64.0000000000,0.4638561036,0.2698311577,0.2663127387,0.4819178118,0.2803378894,0.2377442989,0.0374788143
18.0000000000,65.0000000000,0.4153879301,0.2888455248,0.2957665451,0.4241878586,0.2949646722,0.2808474691,0.0207453570
18.0000000000,66.0000000000,0.3643235010,0.3094013756,0.3262751235,0.3695806794,0.3138660291,0.3165532915,0.0142247111
18.0000000000,67.0000000000,0.2886160358,0.3359499779,0.3754339863,0.2919117583,0.3397862092,0.3683020325,0.0112901326
18.0000000000,68.0000000000,0.2355709583,0.3651241835,0.3993048582,0.2381735235,0.3691580401,0.3926684364,0.0109271807
18.0000000000,69.0000000000,0.1706160953,0.4105526597,0.4188312450,0.1726963905,0.4155584636,0.4117451459,0.0120459680
18.0000000000,70.0000000000,0.1829731498,0.4399540045,0.3770728458,0.1852547773,0.4454401163,0.3693051064,0.0123161603
19.0000000000,45.0000000000,0.2772991489,0.1604658618,0.5622349893,0.5605607946,0.3243820667,0.1150571387,0.5053183320
19.0000000000,46.0000000000,0.1793553060,0.1405570823,0.6800876117,0.4911828974,0.3849299834,0.1238871193,0.6348502626
19.0000000000,47.0000000000,0.1999303916,0.1497298710,0.6503397374,0.5015556614,0.3756200540,0.1228242847,0.6013794540
19.0000000000,48.0000000000,0.2657963796,0.1371513111,0.5970523093,0.5932684084,0.3061273453,0.1006042463,0.5519795496
19.0000000000,49.0000000000,0.3905174082,0.1603751119,0.4491074799,0.6377468028,0.2619056480,0.1003475492,0.3876607354
19.0000000000,50.0000000000,0.3718632141,0.1694769728,0.4586598131,0.6156675518,0.2805910050,0.1037414432,0.3959999792
19.0000000000,51.0000000000,0.2302580001,0.1358056441,0.6339363557,0.5644799898,0.3329290125,0.1025909977,0.5920882860
19.0000000000,52.0000000000,0.1928286314,0.1346111551,0.6725602136,0.5233970960,0.3653766931,0.1112262109,0.6315825349
19.0000000000,53.0000000000,0.1792825255,0.1400633533,0.6806541212,0.4933579271,0.3854327992,0.1212092738,0.6366075912
19.0000000000,54.0000000000,0.2163914543,0.1718340841,0.6117744616,0.4817673939,0.3825662115,0.1356663946,0.5508383153
19.0000000000,55.0000000000,0.2188795206,0.1770482187,0.6040722607,0.4742934782,0.3836485715,0.1420579503,0.5385145891
19.0000000000,64.0000000000,0.4583435194,0.2771748084,0.2644816722,0.4842532640,0.2928432497,0.2229034863,0.0535045328
19.0000000000,65.0000000000,0.4314274996,0.2952608524,0.2733116479,0.4445845113,0.3042652633,0.2511502254,0.0295939497
19.0000000000,66.0000000000,0.3806770595,0.3157329781,0.3035899625,0.3875067148,0.3213974839,0.2910958012,0.0176246117
19.0000000000,67.0000000000,0.3071559181,0.3413284864,0.3515155955,0.3110022712,0.3456027648,0.3433949640,0.0123676046
19.0000000000,68.0000000000,0.2713143944,0.3664431861,0.3622424194,0.2742943697,0.3704680062,0.3552376241,0.0108641502
19.0000000000,69.0000000000,0.2140971831,0.4013633095,0.3845395074,0.2165631232,0.4059861535,0.3774507233,0.0113867037
19.0000000000,70.0000000000,0.1917627646,0.4297689380,0.3784682975,0.1939893041,0.4347589449,0.3712517511,0.0114776405
20.0000000000,45.0000000000,0.2011390139,0.1617467007,0.6371142854,0.4857912837,0.3906509028,0.1235578135,0.5859559020
20.0000000000,46.0000000000,0.1517623406,0.1570485434,0.6911891159,0.4243386710,0.4391192830,0.1365420461,0.6423556206
20.0000000000,47.0000000000,0.1710652495,0.1494346855,0.6795000649,0.4687501072,0.4094784010,0.1217714918,0.6350608844
20.0000000000,48.0000000000,0.2375057355,0.1573155238,0.6051787407,0.5342638582,0.3538777645,0.1118583773,0.5554523634
20.0000000000,49.0000000000,0.3743868095,0.1779321141,0.4476810764,0.6076397845,0.2887885703,0.1035716452,0.3838671873
20.0000000000,50.0000000000,0.3656528214,0.1853675865,0.4489795921,0.5939056889,0.3010803082,0.1050140029,0.3843251071
20.0000000000,51.0000000000,0.2121052935,0.1391342053,0.6487605012,0.5428640474,0.3561012389,0.1010347137,0.6092846919
20.0000000000,52.0000000000,0.2117481065,0.1479424001,0.6403094933,0.5253731441,0.3670633243,0.1075635316,0.5969567365
20.0000000000,53.0000000000,0.2045555257,0.1559874376,0.6394570367,0.5003110119,0.3815210197,0.1181679684,0.5911432672
20.0000000000,54.0000000000,0.2550526029,0.1939717361,0.5509756610,0.4924206110,0.3744940445,0.1330853444,0.4820432022
20.0000000000,55.0000000000,0.2511491786,0.1939510597,0.5548997617,0.4876439890,0.3765852189,0.1357707920,0.4849743168
20.0000000000,64.0000000000,0.4335246484,0.2846811966,0.2817941550,0.4746005273,0.3116543580,0.2137451147,0.0865483211
20.0000000000,65.0000000000,0.4192704549,0.3030911123,0.2776384327,0.4401073111,0.3181541005,0.2417385884,0.0473449444
20.0000000000,66.0000000000,0.3889190913,0.3141805443,0.2969003644,0.3983636796,0.3218101668,0.2798261536,0.0237084571
20.0000000000,67.0000000000,0.3466207507,0.3252177920,0.3281614574,0.3515143355,0.3298092103,0.3186764542,0.0139214375
20.0000000000,68.0000000000,0.2796869283,0.3481146875,0.3721983841,0.2827693727,0.3519512779,0.3652793494,0.0109009132
20.0000000000,69.0000000000,0.2388381792,0.3791067770,0.3820550438,0.2414635650,0.3832740401,0.3752623949,0.0108728029
20.0000000000,70.0000000000,0.1809055763,0.3897412562,0.4293531674,0.1829177201,0.3940761996,0.4230060804,0.0110002668
20.0000000000,71.0000000000,0.1986438804,0.4024213698,0.3989347498,0.2008222934,0.4068344930,0.3923432136,0.0108474657
21.0000000000,45.0000000000,0.2635053118,0.1869463480,0.5495483402,0.5161951102,0.3662195272,0.1175853626,0.4895238126
21.0000000000,46.0000000000,0.2348176491,0.2034905450,0.5616918058,0.4648699379,0.4028514780,0.1322785841,0.4948745229
21.0000000000,47.0000000000,0.2155317948,0.1917803563,0.5926878489,0.4610211637,0.4102169851,0.1287618512,0.5324904543
21.0000000000,48.0000000000,0.2439296524,0.1963148794,0.5597554682,0.4852470392,0.3905274043,0.1242255565,0.4973083137
21.0000000000,49.0000000000,0.3083665563,0.1901411153,0.5014923285,0.5514073510,0.3400018794,0.1085907695,0.4407645170
21.0000000000,50.0000000000,0.2960986250,0.1908636296,0.5130377454,0.5425841137,0.3497468904,0.1076689959,0.4542806959
21.0000000000,51.0000000000,0.1852122182,0.1400935295,0.6746942523,0.5126864687,0.3877932979,0.0995202334,0.6387417466
21.0000000000,52.0000000000,0.1855174182,0.1495914977,0.6648910841,0.4941601096,0.3984647457,0.1073751447,0.6245803443
21.0000000000,53.0000000000,0.2007596691,0.1620508425,0.6371894884,0.4904876252,0.3959158394,0.1135965353,0.5906937122
21.0000000000,54.0000000000,0.2653841266,0.2074711737,0.5271446997,0.4894899021,0.3826718869,0.1278382109,0.4578353395
21.0000000000,55.0000000000,0.2728869501,0.2116383513,0.5154746986,0.4900389075,0.3800512500,0.1299098426,0.4431320740
21.0000000000,56.0000000000,0.2922386673,0.2192448025,0.4885165302,0.4960037240,0.3721144760,0.1318818000,0.4108135623
21.0000000000,57.0000000000,0.3622507050,0.2378623114,0.3998869836,0.5225823842,0.3431398535,0.1342777623,0.3068065134
21.0000000000,58.0000000000,0.4190206060,0.2524513938,0.3285280002,0.5341963439,0.3218424336,0.1439612225,0.2156056274
21.0000000000,61.0000000000,0.4838528555,0.2304882730,0.2856588715,0.5748396833,0.2738307822,0.1513295345,0.1582820923
21.0000000000,62.0000000000,0.5009305634,0.2273701367,0.2716992999,0.5807450804,0.2635975881,0.1556573316,0.1374346846
21.0000000000,63.0000000000,0.4684870603,0.2510411319,0.2804718078,0.5385992235,0.2886110848,0.1727896916,0.1301750173
21.0000000000,64.0000000000,0.4365166643,0.2783046531,0.2851786826,0.4957778381,0.3160870833,0.1881350786,0.1195317121
21.0000000000,65.0000000000,0.4125314839,0.3062751516,0.2811933645,0.4451904808,0.3305221233,0.2242873958,0.0733596029
21.0000000000,66.0000000000,0.4030780949,0.3090677377,0.2878541673,0.4178532049,0.3203968322,0.2617499629,0.0353595708
21.0000000000,67.0000000000,0.3671744843,0.3076674799,0.3251580358,0.3732684550,0.3127738167,0.3139577283,0.0163259728
21.0000000000,68.0000000000,0.3230077141,0.3087333505,0.3682589355,0.3265513728,0.3121204077,0.3613282196,0.0108517647
21.0000000000,69.0000000000,0.2571840881,0.3396015813,0.4032143306,0.2598979857,0.3431851774,0.3969168369,0.0104421647
21.0000000000,70.0000000000,0.2146243607,0.3681257561,0.4172498832,0.2169436226,0.3721037763,0.4109526010,0.0106906204
21.0000000000,71.0000000000,0.2262321321,0.3811118184,0.3926560495,0.2286149304,0.3851258928,0.3862591768,0.0104227590
22.0000000000,45.0000000000,0.3049798542,0.2059257682,0.4890943776,0.5251470987,0.3545851249,0.1202677764,0.4192487115
22.0000000000,46.0000000000,0.3991927983,0.2155946366,0.3852125650,0.5759629054,0.3110640117,0.1129730829,0.3069123122
22.0000000000,47.0000000000,0.3708646240,0.2318929769,0.3972423991,0.5418733808,0.3388207535,0.1193058658,0.3155880373
22.0000000000,48.0000000000,0.3132373220,0.2328266897,0.4539359883,0.5018201221,0.3729987126,0.1251811653,0.3757976051
22.0000000000,49.0000000000,0.3473132529,0.2228657182,0.4298210289,0.5392603628,0.3460353068,0.1147043304,0.3559451485
22.0000000000,50.0000000000,0.3116936576,0.2155617403,0.4727446021,0.5260447688,0.3638031223,0.1101521089,0.4074769372
22.0000000000,51.0000000000,0.2200952108,0.1804263988,0.5994783904,0.4905865257,0.4021657710,0.1072477033,0.5513631149
22.0000000000,52.0000000000,0.2067067248,0.1736889023,0.6196043729,0.4847404617,0.4073115609,0.1079479774,0.5735723731
22.0000000000,53.0000000000,0.2195441761,0.1811611789,0.5992946450,0.4875198973,0.4022865962,0.1101935065,0.5496713523
22.0000000000,54.0000000000,0.2795843680,0.2242411873,0.4961744446,0.4864056785,0.3901226225,0.1234716990,0.4252033222
22.0000000000,55.0000000000,0.2949623399,0.2335214261,0.4715162340,0.4880708812,0.3864052891,0.1255238297,0.3956567555
22.0000000000,56.0000000000,0.3033407397,0.2411329517,0.4555263087,0.4861080355,0.3864191323,0.1274728323,0.3759808159
22.0000000000,57.0000000000,0.3522049125,0.2490573984,0.3987376890,0.5130331823,0.3627851434,0.1241816743,0.3134851220
22.0000000000,58.0000000000,0.4133276772,0.2605534318,0.3261188910,0.5348802009,0.3371776913,0.1279421078,0.2272518659
22.0000000000,59.0000000000,0.4549426632,0.2560078937,0.2890494431,0.5577237725,0.3138454576,0.1284307699,0.1842867642
22.0000000000,61.0000000000,0.4815904267,0.2328079042,0.2856016691,0.5828466907,0.2817566734,0.1353966359,0.1737270979
22.0000000000,62.0000000000,0.5077422391,0.2321859854,0.2600717755,0.5832048899,0.2666943807,0.1501007294,0.1293930351
22.0000000000,63.0000000000,0.4771539666,0.2555833769,0.2672626565,0.5404586252,0.2894919673,0.1700494074,0.1171313689
22.0000000000,64.0000000000,0.4390110743,0.2787520193,0.2822369064,0.4965024116,0.3152563977,0.1882411907,0.1157926647
22.0000000000,66.0000000000,0.4010112791,0.3109394003,0.2880493206,0.4203982175,0.3259718029,0.2536299796,0.0461156532
22.0000000000,67.0000000000,0.3788014393,0.3039413778,0.3172571829,0.3867272106,0.3103008305,0.3029719589,0.0204944753
22.0000000000,68.0000000000,0.3466591717,0.3038665075,0.3494743208,0.3511778974,0.3078274279,0.3409946746,0.0128673409
22.0000000000,69.0000000000,0.2788214590,0.3260475904,0.3951309506,0.2819167640,0.3296671710,0.3884160650,0.0109794996
22.0000000000,70.0000000000,0.2328249545,0.3503719399,0.4168031056,0.2353542080,0.3541781448,0.4104676472,0.0107465831
22.0000000000,71.0000000000,0.2270533544,0.3523294182,0.4206172273,0.2294337184,0.3560231414,0.4145431403,0.0103749525
23.0000000000,45.0000000000,0.2594635447,0.1948257005,0.5457107548,0.5044280864,0.3787644055,0.1168075081,0.4856282754
23.0000000000,46.0000000000,0.3985887285,0.2266061055,0.3748051660,0.5650292465,0.3212310533,0.1137397002,0.2945697396
23.0000000000,47.0000000000,0.3895243875,0.2484892298,0.3619863827,0.5350210072,0.3413058650,0.1236731277,0.2719456204
23.0000000000,48.0000000000,0.3992448655,0.2420994699,0.3586556646,0.5474115456,0.3319467738,0.1206416807,0.2706678025
23.0000000000,49.0000000000,0.4065671629,0.2448972119,0.3485356252,0.5516829206,0.3323082173,0.1160088620,0.2630419618
23.0000000000,50.0000000000,0.2849843645,0.2159501464,0.4990654891,0.5076646183,0.3846886437,0.1076467380,0.4386365442
23.0000000000,51.0000000000,0.2362570849,0.1997770704,0.5639658448,0.4838739793,0.4091599034,0.1069661173,0.5117383969
23.0000000000,52.0000000000,0.2425544899,0.2023471574,0.5550983528,0.4869783771,0.4062538292,0.1067677937,0.5019193843
23.0000000000,53.0000000000,0.2521465790,0.2230923315,0.5247610895,0.4685062044,0.4145213545,0.1169724411,0.4618073857
23.0000000000,54.0000000000,0.2993620003,0.2513993904,0.4492386093,0.4772410415,0.4007793468,0.1219796118,0.3727236883
23.0000000000,55.0000000000,0.2995005278,0.2491956017,0.4513038705,0.4810839968,0.4002798156,0.1186361876,0.3774464962
23.0000000000,56.0000000000,0.2980927135,0.2499424896,0.4519647968,0.4807609506,0.4031047505,0.1161342989,0.3799564770
23.0000000000,57.0000000000,0.3225717300,0.2579897632,0.4194385067,0.4920179634,0.3935112289,0.1144708077,0.3443903393
23.0000000000,58.0000000000,0.3761588028,0.2743376123,0.3495035849,0.5106986021,0.3724592754,0.1168421225,0.2634426622
23.0000000000,59.0000000000,0.4194123991,0.2779963254,0.3025912755,0.5297600073,0.3511372951,0.1191026975,0.2082973548
23.0000000000,60.0000000000,0.4410448648,0.2665712727,0.2923838625,0.5473162723,0.3308026165,0.1218811112,0.1941681855
23.0000000000,61.0000000000,0.4675921893,0.2537009133,0.2787068974,0.5650257341,0.3065653107,0.1284089552,0.1724408977
23.0000000000,62.0000000000,0.4993773827,0.2526516976,0.2479709197,0.5668222043,0.2867742856,0.1464035101,0.1189876140
23.0000000000,63.0000000000,0.4913449963,0.2642298554,0.2444251483,0.5404528034,0.2906384865,0.1689087102,0.0908641916
23.0000000000,64.0000000000,0.4559874668,0.2810632844,0.2629492489,0.5039921400,0.3106525869,0.1853552731,0.0952488529
23.0000000000,65.0000000000,0.4282196535,0.2986540668,0.2731262797,0.4700584049,0.3278337487,0.2021078464,0.0890075594
23.0000000000,66.0000000000,0.3955835526,0.3132224052,0.2911940421,0.4173710853,0.3304737377,0.2521551769,0.0522018258
23.0000000000,67.0000000000,0.3871036404,0.3048904121,0.3080059475,0.3965564655,0.3123356423,0.2911078922,0.0238372737
23.0000000000,68.0000000000,0.3593384511,0.3004430746,0.3402184743,0.3643660135,0.3046466223,0.3309873642,0.0137981102
23.0000000000,69.0000000000,0.3093162575,0.3132993642,0.3773843783,0.3127629627,0.3167904531,0.3704465842,0.0110201835
23.0000000000,70.0000000000,0.2433529314,0.3355022994,0.4211447692,0.2459954127,0.3391453974,0.4148591899,0.0107419944
23.0000000000,71.0000000000,0.2565609239,0.3454262040,0.3980128720,0.2593177542,0.3491379204,0.3915443254,0.0106310893
24.0000000000,45.0000000000,0.2128693733,0.1721976890,0.6149329376,0.4938618316,0.3995025906,0.1066355778,0.5689697812
24.0000000000,46.0000000000,0.3537318434,0.2365356951,0.4097324615,0.5304166147,0.3546824099,0.1149009754,0.3331056502
24.0000000000,47.0000000000,0.3938785176,0.2537843866,0.3523370958,0.5300640608,0.3415316564,0.1284042828,0.2569228010
24.0000000000,48.0000000000,0.4509690600,0.2452843335,0.3037466065,0.5718313330,0.3110219300,0.1171467369,0.2113600044
24.0000000000,49.0000000000,0.3717786008,0.2533197676,0.3749016316,0.5255656942,0.3581060857,0.1163282201,0.2926125032
24.0000000000,50.0000000000,0.2479693224,0.2199999052,0.5320307724,0.4711059698,0.4179681087,0.1109259215,0.4736442790
24.0000000000,51.0000000000,0.2496235393,0.2229047182,0.5274717425,0.4699552426,0.4196528950,0.1103918624,0.4688355047
24.0000000000,52.0000000000,0.2824520372,0.2462666531,0.4712813097,0.4729102032,0.4123249176,0.1147648792,0.4027364280
24.0000000000,53.0000000000,0.2935175679,0.2618220099,0.4446604222,0.4654530957,0.4151910426,0.1193558617,0.3693938861
24.0000000000,54.0000000000,0.3165786387,0.2713208269,0.4121005344,0.4745113898,0.4066756469,0.1188129633,0.3328323714
24.0000000000,55.0000000000,0.3070599918,0.2624692638,0.4304707444,0.4786851205,0.4091712841,0.1121435955,0.3585344964
24.0000000000,56.0000000000,0.2952728898,0.2612750202,0.4434520900,0.4728859722,0.4184376425,0.1086763854,0.3755938911
24.0000000000,57.0000000000,0.3118577515,0.2721400335,0.4160022150,0.4768005543,0.4160759775,0.1071234682,0.3459366842
24.0000000000,58.0000000000,0.3656865948,0.2959656624,0.3383477429,0.4913807213,0.3976952470,0.1109240316,0.2557978388
24.0000000000,59.0000000000,0.3944224362,0.3069421841,0.2986353797,0.4992260013,0.3885010211,0.1122729776,0.2099321046
24.0000000000,60.0000000000,0.4096722718,0.2885635403,0.3017641879,0.5220730604,0.3677360197,0.1101909199,0.2152970477
24.0000000000,61.0000000000,0.4516995028,0.2757340671,0.2725664301,0.5473522473,0.3341240367,0.1185237160,0.1747553699
24.0000000000,62.0000000000,0.4949332300,0.2735554493,0.2315113206,0.5529997297,0.3056494904,0.1413507799,0.1050027632
24.0000000000,63.0000000000,0.4953243363,0.2769618484,0.2277138153,0.5344929225,0.2988630619,0.1666440155,0.0732817678
24.0000000000,64.0000000000,0.4679335773,0.2872490719,0.2448173508,0.5051558550,0.3100986071,0.1847455379,0.0736847398
24.0000000000,65.0000000000,0.4303827918,0.3032050741,0.2664121340,0.4656432162,0.3280460756,0.2063107082,0.0757241233
24.0000000000,66.0000000000,0.4152151975,0.3084383911,0.2763464114,0.4380687984,0.3254149563,0.2365162453,0.0521689765
24.0000000000,67.0000000000,0.3911352985,0.3031919197,0.3056727818,0.4010921928,0.3109100928,0.2879977144,0.0248244532
24.0000000000,68.0000000000,0.3721576596,0.2949843152,0.3328580252,0.3771963707,0.2989781622,0.3238254671,0.0133583234
24.0000000000,69.0000000000,0.3134199305,0.3083145360,0.3782655335,0.3167822843,0.3116221195,0.3715955962,0.0106140843
24.0000000000,70.0000000000,0.2726595358,0.3243202500,0.4030202141,0.2755090662,0.3277096801,0.3967812537,0.0103427827
24.0000000000,71.0000000000,0.2628476244,0.3385396109,0.3986127647,0.2656554450,0.3421559970,0.3921885580,0.0105694073
25.0000000000,45.0000000000,0.1919449608,0.1653069542,0.6427480850,0.4819079697,0.4150290704,0.1030629599,0.6016978907
25.0000000000,46.0000000000,0.3616387670,0.2240445910,0.4143166420,0.5505811218,0.3410992778,0.1083196004,0.3431689670
25.0000000000,47.0000000000,0.4272309066,0.2353444723,0.3374246212,0.5731230760,0.3157106515,0.1111662724,0.2545564392
25.0000000000,48.0000000000,0.3923580032,0.2555705551,0.3520714416,0.5360933459,0.3491955635,0.1147110906,0.2681162595
25.0000000000,49.0000000000,0.2652805464,0.2223483454,0.5123711082,0.4854297845,0.4068692970,0.1077009185,0.4535140717
25.0000000000,50.0000000000,0.2317512944,0.2068566860,0.5613920196,0.4739399249,0.4230295346,0.1030305405,0.5110112437
25.0000000000,51.0000000000,0.2708752247,0.2495580466,0.4795667288,0.4613300661,0.4250245857,0.1136453482,0.4128385628
25.0000000000,52.0000000000,0.3195332291,0.2793526277,0.4011141433,0.4701398992,0.4110208400,0.1188392609,0.3203443707
25.0000000000,53.0000000000,0.3309162651,0.2806103052,0.3884734297,0.4785964996,0.4058401596,0.1155633407,0.3085693996
25.0000000000,54.0000000000,0.3237681291,0.2862870988,0.3899447720,0.4691121933,0.4148054017,0.1160824050,0.3098279393
25.0000000000,55.0000000000,0.3189496210,0.2686112187,0.4124391603,0.4865211707,0.4097356948,0.1037431345,0.3444280738
25.0000000000,56.0000000000,0.3106196802,0.2658959090,0.4234844108,0.4857511019,0.4158114859,0.0984374122,0.3605373637
25.0000000000,57.0000000000,0.3321799606,0.2863484930,0.3814715464,0.4828801287,0.4162562874,0.1008635839,0.3120860834
25.0000000000,58.0000000000,0.3737464924,0.3089046794,0.3173488282,0.4908395741,0.4056831150,0.1034773109,0.2385567258
25.0000000000,59.0000000000,0.3920852736,0.3194781330,0.2884365934,0.4932664571,0.4019223811,0.1048111619,0.2051248002
25.0000000000,60.0000000000,0.4039490571,0.3107704997,0.2852804432,0.5066173104,0.3897563614,0.1036263282,0.2026544518
25.0000000000,61.0000000000,0.4301634486,0.3020755052,0.2677610463,0.5220062989,0.3665707000,0.1114230011,0.1759420347
25.0000000000,62.0000000000,0.4791740423,0.3000125833,0.2208133744,0.5328735515,0.3336340382,0.1334924103,0.1007734556
25.0000000000,63.0000000000,0.4867944067,0.2948870618,0.2183185314,0.5229381570,0.3167819812,0.1602798617,0.0691166820
25.0000000000,64.0000000000,0.4646464184,0.2981822497,0.2371713319,0.4960879598,0.3183595484,0.1855524918,0.0633789649
25.0000000000,65.0000000000,0.4426003655,0.3028479483,0.2545516862,0.4724713480,0.3232870769,0.2042415752,0.0632228443
25.0000000000,66.0000000000,0.4346062551,0.3005918065,0.2648019384,0.4545498583,0.3143856340,0.2310645077,0.0438755020
25.0000000000,67.0000000000,0.3958917353,0.2986061788,0.3055020859,0.4049985536,0.3054751078,0.2895263386,0.0224860514
25.0000000000,68.0000000000,0.3767883551,0.2908237289,0.3323879160,0.3814392711,0.2944135339,0.3241471949,0.0121930707
25.0000000000,69.0000000000,0.3287652383,0.3027442797,0.3684904821,0.3320437969,0.3057633485,0.3621928545,0.0098738742
25.0000000000,70.0000000000,0.2856210458,0.3226952141,0.3916837401,0.2884699115,0.3259138681,0.3856162205,0.0098757809
25.0000000000,71.0000000000,0.2803499675,0.3335396102,0.3861104223,0.2832655053,0.3370083009,0.3797261938,0.0102925972
26.0000000000,45.0000000000,0.1532084604,0.1534399290,0.6933516106,0.4484047941,0.4490822476,0.1025129583,0.6583255522
26.0000000000,46.0000000000,0.2910475031,0.2192194441,0.4897330528,0.5096824792,0.3838971597,0.1064203611,0.4289630996
26.0000000000,47.0000000000,0.3134064716,0.2443049082,0.4422886202,0.4995401926,0.3893988541,0.1110609532,0.3726100998
26.0000000000,48.0000000000,0.2409152270,0.2198182485,0.5392665246,0.4664363257,0.4255904346,0.1079732398,0.4834981460
26.0000000000,49.0000000000,0.1801893624,0.1771638262,0.6426468115,0.4541568607,0.4465311718,0.0993119675,0.6032442137
26.0000000000,50.0000000000,0.2190675146,0.2215216288,0.5594108566,0.4429563535,0.4479185930,0.1091250535,0.5054422115
26.0000000000,51.0000000000,0.3041187216,0.2757675581,0.4201137203,0.4634200944,0.4202182199,0.1163616858,0.3437515436
26.0000000000,52.0000000000,0.3341153850,0.2967731050,0.3691115100,0.4656344009,0.4135929477,0.1207726514,0.2824512443
26.0000000000,53.0000000000,0.3254371233,0.2896538336,0.3849090431,0.4681971066,0.4167167083,0.1150861851,0.3049142792
26.0000000000,54.0000000000,0.3287758706,0.2838774761,0.3873466533,0.4793734065,0.4139090636,0.1067175298,0.3141549654
26.0000000000,55.0000000000,0.3235113467,0.2873388113,0.3891498420,0.4751151565,0.4219914563,0.1028933871,0.3190885573
26.0000000000,56.0000000000,0.3154646193,0.2808907415,0.4036446392,0.4783964790,0.4259658089,0.0956377120,0.3405791366
26.0000000000,57.0000000000,0.3480035943,0.2957687747,0.3562276310,0.4894601800,0.4159929383,0.0945468817,0.2890052991
26.0000000000,58.0000000000,0.3724135670,0.3114299921,0.3161564409,0.4929193815,0.4122027032,0.0948779153,0.2444736786
26.0000000000,59.0000000000,0.3835929689,0.3198053418,0.2966016893,0.4942557501,0.4120660229,0.0936782270,0.2238978124
26.0000000000,60.0000000000,0.3996903702,0.3163150363,0.2839945935,0.5050888922,0.3997274470,0.0951836609,0.2086732130
26.0000000000,61.0000000000,0.4230877458,0.3167570153,0.2601552389,0.5113237754,0.3828174995,0.1058587251,0.1725639092
26.0000000000,62.0000000000,0.4724631584,0.3148010260,0.2127358156,0.5243147911,0.3493496398,0.1263355691,0.0988940873
26.0000000000,63.0000000000,0.4774116178,0.3098932185,0.2126951637,0.5123066836,0.3325439959,0.1551493205,0.0681136261
26.0000000000,64.0000000000,0.4605808466,0.3065843215,0.2328348319,0.4885871911,0.3252266645,0.1861861444,0.0573210780
26.0000000000,65.0000000000,0.4497897555,0.3007317845,0.2494784601,0.4715848532,0.3153041008,0.2131110460,0.0462167042
26.0000000000,66.0000000000,0.4284573565,0.2945987806,0.2769438629,0.4416082581,0.3036410797,0.2547506622,0.0297795644
26.0000000000,67.0000000000,0.4003813195,0.2868897583,0.3127289222,0.4071310175,0.2917261958,0.3011427867,0.0165786877
26.0000000000,68.0000000000,0.3775368511,0.2857937067,0.3366694422,0.3817040049,0.2889482234,0.3293477717,0.0109172387
26.0000000000,69.0000000000,0.3520122158,0.2979716975,0.3500160867,0.3554006684,0.3008399587,0.3437593730,0.0095341761
26.0000000000,70.0000000000,0.2859393374,0.3267587323,0.3873019303,0.2888291000,0.3300610243,0.3811098757,0.0100050952
26.0000000000,71.0000000000,0.2713281087,0.3397190719,0.3889528194,0.2741658751,0.3432721258,0.3825619991,0.0103505457
27.0000000000,45.0000000000,0.1280430327,0.1605912944,0.7113656729,0.3957505116,0.4963494351,0.1079000533,0.6764551683
27.0000000000,46.0000000000,0.1817379522,0.1747052475,0.6435568004,0.4595703094,0.4417863396,0.0986433510,0.6045480998
27.0000000000,47.0000000000,0.1913024479,0.1928534264,0.6158441257,0.4465091989,0.4501292580,0.1033615431,0.5715598954
27.0000000000,48.0000000000,0.1566015702,0.1614903702,0.6819080596,0.4449203171,0.4588098741,0.0962698089,0.6480233332
27.0000000000,49.0000000000,0.1651205224,0.1604409564,0.6744385212,0.4602236909,0.4471808112,0.0925954979,0.6412168134
27.0000000000,50.0000000000,0.2401484964,0.2296193534,0.5302321502,0.4570476773,0.4370087413,0.1059435814,0.4745657656
27.0000000000,51.0000000000,0.3210146506,0.2925751376,0.3864102118,0.4603218083,0.4195407161,0.1201374755,0.3026299323
27.0000000000,52.0000000000,0.3363274104,0.3130005208,0.3506720688,0.4531656403,0.4217351218,0.1250992379,0.2578267624
27.0000000000,53.0000000000,0.3130357593,0.2883334313,0.3986308094,0.4633564261,0.4267919696,0.1098516043,0.3244169248
27.0000000000,54.0000000000,0.3206534769,0.2872814130,0.3920651101,0.4731121995,0.4238729687,0.1030148318,0.3222464412
27.0000000000,55.0000000000,0.3311162666,0.2921570910,0.3767266424,0.4794643573,0.4230505293,0.0974851134,0.3094037928
27.0000000000,56.0000000000,0.3156000464,0.2897229750,0.3946769786,0.4731157259,0.4343234332,0.0925608409,0.3329326651
27.0000000000,57.0000000000,0.3399042228,0.2951714474,0.3649243298,0.4880824543,0.4238488221,0.0880687236,0.3035926209
27.0000000000,58.0000000000,0.3413660886,0.2935126912,0.3651212202,0.4926446403,0.4235847058,0.0837706539,0.3070743886
27.0000000000,59.0000000000,0.3561248834,0.3081922680,0.3356828486,0.4907643290,0.4247099225,0.0845257485,0.2743464381
27.0000000000,60.0000000000,0.3874051388,0.3196146101,0.2929802511,0.4988061438,0.4115219836,0.0896718725,0.2233352704
27.0000000000,61.0000000000,0.4243732211,0.3217372971,0.2538894818,0.5122167083,0.3883355760,0.0994477157,0.1714967236
27.0000000000,62.0000000000,0.4494477755,0.3293672441,0.2211849804,0.5064561412,0.3711444857,0.1223993731,0.1125632826
27.0000000000,63.0000000000,0.4564618307,0.3256098059,0.2179283635,0.4949474301,0.3530628977,0.1519896722,0.0777569436
27.0000000000,64.0000000000,0.4594283908,0.3114780368,0.2290935724,0.4874046498,0.3304450628,0.1821502874,0.0573984245
27.0000000000,65.0000000000,0.4343430212,0.3034891081,0.2621678707,0.4509914458,0.3151218851,0.2338866692,0.0369151670
27.0000000000,66.0000000000,0.4156019555,0.2887194565,0.2956785880,0.4247811540,0.2950962630,0.2801225830,0.0216092416
27.0000000000,67.0000000000,0.3898812447,0.2793091729,0.3308095824,0.3950739397,0.2830291962,0.3218968641,0.0131436029
27.0000000000,68.0000000000,0.3826267556,0.2833461517,0.3340270928,0.3867023456,0.2863642436,0.3269334108,0.0105393465
27.0000000000,69.0000000000,0.3589501639,0.3044965311,0.3365533050,0.3628200292,0.3077793282,0.3294006426,0.0106660741
27.0000000000,70.0000000000,0.3223666489,0.3266235512,0.3510097999,0.3259560711,0.3302603723,0.3437835567,0.0110119814
27.0000000000,71.0000000000,0.2692818678,0.3422311042,0.3884870279,0.2721471565,0.3458726079,0.3819802356,0.0105284535
28.0000000000,45.0000000000,0.1530373525,0.1958899863,0.6510726612,0.3867227566,0.4950106247,0.1182666188,0.6042711479
28.0000000000,46.0000000000,0.1796527641,0.1901822339,0.6301650019,0.4340121962,0.4594497025,0.1065381012,0.5860651712
28.0000000000,47.0000000000,0.1669873236,0.1669424158,0.6660702606,0.4519656069,0.4518440600,0.0961903332,0.6305309053
28.0000000000,48.0000000000,0.1559792853,0.1598646323,0.6841560823,0.4467376479,0.4578656049,0.0953967472,0.6508481296
28.0000000000,49.0000000000,0.1751973654,0.1713187480,0.6534838867,0.4579281275,0.4477902582,0.0942816144,0.6174129632
28.0000000000,50.0000000000,0.2522344719,0.2405256338,0.5072398942,0.4567334866,0.4355317118,0.1077348016,0.4477425471
28.0000000000,51.0000000000,0.3195783013,0.2910726463,0.3893490524,0.4616347243,0.4204579605,0.1179073152,0.3077247345
28.0000000000,52.0000000000,0.3362784167,0.3052867314,0.3584348519,0.4622038703,0.4196067955,0.1181893342,0.2724456928
28.0000000000,53.0000000000,0.3214688042,0.2890435057,0.3894876900,0.4706260352,0.4231558314,0.1062181334,0.3169336582
28.0000000000,54.0000000000,0.3332798677,0.2971507383,0.3695693939,0.4743016960,0.4228851269,0.1028131771,0.2973251613
28.0000000000,55.0000000000,0.3332792197,0.3019241673,0.3647966130,0.4735193311,0.4289704287,0.0975102402,0.2961655464
28.0000000000,56.0000000000,0.3194441107,0.2916431037,0.3889127856,0.4764261547,0.4349631057,0.0886107396,0.3294992151
28.0000000000,57.0000000000,0.3273444406,0.2914920722,0.3811634873,0.4849366636,0.4318240221,0.0832393143,0.3249748572
28.0000000000,58.0000000000,0.3154426212,0.2879669845,0.3965903943,0.4804812608,0.4386304528,0.0808882864,0.3434861108
28.0000000000,59.0000000000,0.3573453866,0.3045630615,0.3380915519,0.4961836100,0.4228939423,0.0809224476,0.2798121918
28.0000000000,60.0000000000,0.3776143344,0.3170491667,0.3053364989,0.4970864062,0.4173592379,0.0855543559,0.2403446771
28.0000000000,61.0000000000,0.4021588195,0.3250772387,0.2727639418,0.5000750060,0.4042258785,0.0956991154,0.1958030002
28.0000000000,62.0000000000,0.4315465388,0.3381475721,0.2303058890,0.4939545021,0.3870486740,0.1189968239,0.1263435458
28.0000000000,63.0000000000,0.4554316153,0.3276814164,0.2168869683,0.4946053278,0.3558667622,0.1495279100,0.0792019621
28.0000000000,64.0000000000,0.4548709102,0.3146482207,0.2304808691,0.4791748805,0.3314600256,0.1893650939,0.0507204599
28.0000000000,65.0000000000,0.4318351847,0.2981717741,0.2699930412,0.4449129705,0.3072016697,0.2478853598,0.0293940315
28.0000000000,66.0000000000,0.4045329197,0.2790506808,0.3164163995,0.4113781964,0.2837726182,0.3048491854,0.0166398627
28.0000000000,67.0000000000,0.3767671217,0.2723876582,0.3508452201,0.3810489365,0.2754832402,0.3434678233,0.0112369159
28.0000000000,68.0000000000,0.3812887698,0.2802474166,0.3384638136,0.3852885054,0.2831872241,0.3315242704,0.0103811445
28.0000000000,69.0000000000,0.3555510446,0.3070937494,0.3373552060,0.3596628352,0.3106451528,0.3296920120,0.0114323477
28.0000000000,70.0000000000,0.3265929162,0.3306036022,0.3428034817,0.3304704526,0.3345287563,0.3350007911,0.0117333832
28.0000000000,71.0000000000,0.2776850246,0.3465270421,0.3757879332,0.2807852303,0.3503958323,0.3688189373,0.0110411993
29.0000000000,46.0000000000,0.2147617535,0.2342159534,0.5510222931,0.4210867497,0.4592309056,0.1196823447,0.4899821625
29.0000000000,47.0000000000,0.1774500849,0.1779993655,0.6445505496,0.4493289467,0.4507198035,0.0999512498,0.6050775579
29.0000000000,48.0000000000,0.1770293166,0.1724509094,0.6505197740,0.4583097817,0.4464567800,0.0952334383,0.6137343699
29.0000000000,49.0000000000,0.1916354008,0.1990044232,0.6093601760,0.4398678280,0.4567822178,0.1033499542,0.5643341281
29.0000000000,50.0000000000,0.2654173193,0.2415533704,0.4930293103,0.4685927456,0.4264610814,0.1049461730,0.4335863672
29.0000000000,51.0000000000,0.3041789313,0.2901069661,0.4057141026,0.4519292335,0.4310220245,0.1170487420,0.3269323850
29.0000000000,52.0000000000,0.3167115661,0.2920059977,0.3912824362,0.4620897536,0.4260437381,0.1118665083,0.3146102816
29.0000000000,53.0000000000,0.3082051422,0.2923698794,0.3994249783,0.4573882802,0.4338881414,0.1087235784,0.3261630095
29.0000000000,54.0000000000,0.3314229436,0.2940019883,0.3745750681,0.4768669095,0.4230238802,0.1001092104,0.3049990742
29.0000000000,55.0000000000,0.3247347377,0.3020514561,0.3732138062,0.4682648519,0.4355557442,0.0961794039,0.3065148145
29.0000000000,56.0000000000,0.3291377666,0.2945031110,0.3763591224,0.4812104246,0.4305733995,0.0882161759,0.3160211213
29.0000000000,57.0000000000,0.3492832907,0.2979194608,0.3527972485,0.4949944107,0.4222030422,0.0828025471,0.2943692228
29.0000000000,58.0000000000,0.3512446931,0.3036555921,0.3450997148,0.4920637711,0.4253955111,0.0825407178,0.2861805446
29.0000000000,59.0000000000,0.3743223971,0.3140358581,0.3116417448,0.4985277016,0.4182372623,0.0832350362,0.2491442383
29.0000000000,60.0000000000,0.3668775126,0.3125933711,0.3205291163,0.4945149167,0.4213452163,0.0841398670,0.2581062771
29.0000000000,61.0000000000,0.3789855542,0.3251913998,0.2958230460,0.4876560043,0.4184368953,0.0939071004,0.2228424323
29.0000000000,62.0000000000,0.4269254788,0.3361346685,0.2369398527,0.4947245289,0.3895154396,0.1157600315,0.1370440441
29.0000000000,63.0000000000,0.4431571953,0.3354370490,0.2214057557,0.4825279907,0.3652378140,0.1522341953,0.0815927701
29.0000000000,64.0000000000,0.4355968027,0.3229609466,0.2414422508,0.4569208486,0.3387710581,0.2043080933,0.0466690149
29.0000000000,65.0000000000,0.4270794605,0.2948464138,0.2780741257,0.4383268640,0.3026113777,0.2590617583,0.0256598544
29.0000000000,66.0000000000,0.3966455243,0.2704269076,0.3329275681,0.4026061100,0.2744907447,0.3229031453,0.0148050057
29.0000000000,67.0000000000,0.3708969234,0.2681199353,0.3609831414,0.3749675127,0.2710625483,0.3539699390,0.0108558452
29.0000000000,68.0000000000,0.3750910478,0.2805349623,0.3443739900,0.3791128859,0.2835429419,0.3373441722,0.0106085505
29.0000000000,69.0000000000,0.3347495013,0.3114529110,0.3537975877,0.3386572046,0.3150886613,0.3462541341,0.0115388165
29.0000000000,70.0000000000,0.3200336435,0.3318598454,0.3481065111,0.3239035961,0.3358728044,0.3402235995,0.0119478533
29.0000000000,71.0000000000,0.2916295994,0.3447412132,0.3636291874,0.2949449854,0.3486603976,0.3563946169,0.0112406929
